title_word_count,text_richness,title_to_abstract_ratio,abstract_word_count,concept_count,keyword_count,recency_score,text_length_category,abstract_keyword_overlap,oa_category
9,0.3167,0.0845,120,22,16,0.3333,2,0,partially_open
8,0.1685,0.0506,178,16,14,0.6667,2,0,partially_open
12,0.1509,0.0854,159,14,10,0.6667,2,0,partially_open
13,0.0549,0.0383,401,13,9,0.3333,3,0,partially_open
12,0.133,0.0608,203,17,10,0.6667,2,1,partially_open
10,0.2821,0.0968,117,18,15,0.3333,2,1,partially_open
4,0.3069,0.0448,101,18,13,0.6667,2,1,partially_open
8,0.153,0.0433,183,15,13,0.3333,2,1,partially_open
7,0.4762,0.1082,84,23,17,0,2,1,partially_open
9,0.2303,0.0597,165,23,15,0.6667,2,1,partially_open
16,0.1171,0.0661,222,15,11,0.6667,3,1,fully_open
24,0.0989,0.0947,263,14,12,0.3333,3,0,partially_open
7,0.1771,0.0388,192,20,14,0,2,1,closed
9,0.1921,0.0691,151,15,14,0,2,1,partially_open
14,0.1529,0.0654,255,24,15,0,3,1,partially_open
14,0.2195,0.1891,82,9,9,0.3333,2,1,fully_open
6,0.1389,0.0255,252,20,15,0.3333,3,1,partially_open
7,0.0588,0.0413,136,4,4,0.3333,2,0,closed
10,0.0547,0.0341,329,11,7,0.3333,3,1,fully_open
13,0.5263,0.2353,57,23,7,0,1,1,partially_open
15,0.2316,0.1462,95,12,10,0.3333,2,1,fully_open
2,0.1241,0.0231,137,9,8,0.3333,2,0,fully_open
17,0.086,0.0728,279,13,11,0,3,1,partially_open
16,0.0964,0.1044,166,9,7,0.6667,2,1,partially_open
13,0.1683,0.0682,202,19,15,0,2,1,partially_open
7,0.188,0.0484,133,14,11,0,2,1,fully_open
8,0.2091,0.0729,110,12,11,0,2,1,fully_open
6,0.1508,0.0378,199,16,14,0.3333,2,1,partially_open
13,0.1229,0.0821,179,12,10,0.6667,2,1,fully_open
24,0.044,0.0652,386,9,8,0.3333,3,1,fully_open
10,0.1161,0.039,224,14,12,0.3333,3,1,partially_open
8,0.1849,0.0423,238,24,20,0,3,0,partially_open
11,0.1297,0.0709,185,12,12,0.3333,2,0,fully_open
6,0.2333,0.1164,60,8,6,0.3333,1,0,partially_open
15,0.213,0.0822,230,28,21,0.3333,3,1,partially_open
8,0.2462,0.07,130,16,16,0,2,1,partially_open
14,0.1361,0.0662,191,14,12,0.3333,2,1,fully_open
7,0.2053,0.0565,151,17,14,0.6667,2,0,partially_open
9,0.1046,0.0473,239,15,10,0.3333,3,1,partially_open
13,0.3235,0.132,102,18,15,0.6667,2,1,fully_open
9,0.1975,0.0717,157,19,12,0,2,1,partially_open
10,0.2409,0.0882,137,19,14,0,2,0,fully_open
12,0.119,0.048,252,17,13,0.3333,3,1,fully_open
4,0.3951,0.0741,81,17,15,0,2,1,partially_open
6,0.0929,0.0224,226,13,8,0.3333,3,1,closed
7,0.0974,0.045,195,12,7,0.3333,2,1,partially_open
20,0.1626,0.1053,203,20,13,0.3333,2,1,fully_open
18,0.18,0.0669,200,20,16,0.3333,2,1,fully_open
5,0.0765,0.036,183,7,7,0,2,0,partially_open
16,0.0252,0.0554,318,4,4,0.3333,3,1,partially_open
6,0.3559,0.0713,118,27,15,0,2,0,partially_open
8,0.0874,0.0535,183,8,8,0.6667,2,1,fully_open
6,0.1375,0.0299,269,21,16,0,3,1,partially_open
5,0.1264,0.0231,269,18,16,0,3,1,closed
11,0.0355,0.035,282,5,5,0.3333,3,1,fully_open
8,0.1593,0.0902,113,10,8,0.3333,2,0,fully_open
10,0.1642,0.0398,268,24,20,0.3333,3,1,fully_open
9,0.195,0.0485,200,21,18,0.3333,2,1,partially_open
10,0.2087,0.1111,115,14,10,0.3333,2,1,closed
6,0.046,0.075,87,2,2,0.3333,2,1,partially_open
9,0.1606,0.0648,137,13,9,0.3333,2,1,closed
13,0.1656,0.0773,157,14,12,0.3333,2,1,closed
9,0.1771,0.0506,192,20,14,0,2,0,partially_open
11,0.1256,0.0525,223,16,12,0,3,1,closed
11,0.1618,0.0609,173,15,13,0,2,1,partially_open
10,0.0693,0.0401,274,10,9,0.3333,3,1,closed
6,0.2025,0.0451,158,17,15,0,2,1,fully_open
15,0.1011,0.081,188,10,9,0.6667,2,1,fully_open
9,0.0244,0.0482,164,2,2,0.6667,2,0,partially_open
9,0.2872,0.1336,94,15,12,0,2,1,partially_open
7,0.1844,0.0427,141,16,10,0.3333,2,0,partially_open
6,0.0913,0.0283,208,10,9,0.3333,3,1,partially_open
2,0.321,0.0247,81,16,10,0.3333,2,0,partially_open
8,0.1918,0.0428,219,23,19,0,2,0,fully_open
9,0.0676,0.0794,148,5,5,0.3333,2,0,partially_open
10,0.1263,0.1318,95,6,6,0,2,1,partially_open
8,0.1475,0.0458,183,16,11,0,2,0,partially_open
4,0.2,0.0285,170,21,13,0,2,1,fully_open
6,0.2913,0.0608,127,21,16,0.3333,2,1,partially_open
8,0.0694,0.021,317,12,10,0.3333,3,1,partially_open
10,0.2037,0.096,108,11,11,0,2,1,fully_open
13,0.2586,0.1153,116,19,11,0.3333,2,1,closed
3,0.2426,0.0244,136,19,14,0,2,0,partially_open
11,0.1638,0.0547,232,21,17,0,3,1,partially_open
6,0.0723,0.0264,235,9,8,0,3,1,partially_open
8,0.16,0.043,175,16,12,0,2,1,closed
12,0.1088,0.062,239,14,12,0.3333,3,1,partially_open
9,0.3125,0.3515,32,5,5,0.3333,1,1,closed
10,0.1925,0.056,161,18,13,0,2,1,closed
11,0.1387,0.079,173,13,11,0,2,1,partially_open
6,0.4808,0.1207,52,13,12,0.3333,1,0,closed
18,0.08,0.1215,150,6,6,0.3333,2,0,fully_open
12,0.1186,0.0558,194,12,11,0.3333,2,0,partially_open
12,0.2517,0.1042,143,18,18,0,2,0,fully_open
13,0.1232,0.0838,203,14,11,0,2,1,partially_open
4,0.1794,0.0182,223,22,18,0,3,0,partially_open
8,0.2256,0.0675,133,16,14,0.6667,2,1,fully_open
17,0.1124,0.0981,169,11,8,0,2,1,partially_open
15,0.0992,0.0598,242,13,11,0.6667,3,1,partially_open
11,0.1461,0.0607,178,16,10,0,2,1,fully_open
10,0.0867,0.0697,173,8,7,0,2,1,partially_open
4,0.1189,0.0249,185,12,10,0,2,1,closed
10,0.089,0.0568,146,7,6,0.6667,2,1,fully_open
10,0.1519,0.041,237,19,17,0.3333,3,1,partially_open
10,0.0936,0.0501,235,12,10,0.3333,3,1,partially_open
13,0.2361,0.1029,144,17,17,0,2,1,partially_open
12,0.0629,0.0471,286,10,8,0.3333,3,1,fully_open
20,0.1746,0.1238,189,18,15,0.6667,2,0,fully_open
6,0.1027,0.0346,185,12,7,0.3333,2,1,closed
9,0.0506,0.0381,237,6,6,0.6667,3,1,closed
12,0.1627,0.0662,166,15,12,0,2,0,fully_open
16,0.0766,0.07,261,10,10,0.3333,3,0,partially_open
10,0.1626,0.0482,203,18,15,0.3333,2,1,partially_open
11,0.1882,0.0768,170,18,14,0.6667,2,1,fully_open
3,0.2045,0.0473,88,9,9,0.6667,2,0,fully_open
4,0.2069,0.0375,116,13,11,0,2,1,partially_open
10,0.1696,0.056,171,18,11,0,2,0,partially_open
10,0.0856,0.0516,257,13,9,0.3333,3,1,partially_open
10,0.0663,0.0252,392,13,13,0.3333,3,1,fully_open
7,0.1645,0.0586,152,14,11,0.3333,2,1,partially_open
3,0.098,0.0161,204,11,9,0.3333,2,0,fully_open
13,0.0717,0.0594,279,12,8,0.3333,3,1,fully_open
9,0.0447,0.0472,179,4,4,0.6667,2,1,partially_open
18,0.1308,0.0856,214,14,14,0,3,0,fully_open
10,0.2622,0.0581,164,24,19,0.6667,2,0,fully_open
9,0.1009,0.043,228,12,11,0.3333,3,1,fully_open
12,0.1751,0.0865,177,17,14,0,2,1,partially_open
8,0.1275,0.0395,204,14,12,0,2,1,closed
12,0.078,0.0348,295,12,11,0.6667,3,1,fully_open
28,0.1724,0.1341,232,22,18,0.6667,2,1,fully_open
12,0.1795,0.0866,156,15,13,0.3333,2,1,fully_open
8,0.186,0.0629,129,13,11,0,2,1,fully_open
12,0.1467,0.073,184,15,12,0.6667,2,1,fully_open
18,0.3391,0.1611,115,23,16,0.6667,2,1,fully_open
21,0.1265,0.0824,253,16,16,0.6667,3,1,fully_open
10,0.1887,0.0492,212,24,16,0.6667,2,0,fully_open
7,0.1027,0.046,224,13,10,0.3333,3,1,partially_open
17,0.1892,0.1132,148,16,12,0,2,1,partially_open
9,0.0909,0.0497,198,10,8,0.3333,2,0,fully_open
9,0.0825,0.0428,206,9,8,0,2,1,partially_open
15,0.24,0.1928,100,12,12,0.3333,2,1,partially_open
9,0.0456,0.0325,241,6,5,0,3,0,partially_open
9,0.1729,0.0602,214,20,17,0.3333,3,1,partially_open
9,0.0963,0.0344,322,19,12,0,3,0,fully_open
9,0.1351,0.0503,185,15,10,0,2,1,closed
14,0.2242,0.0823,165,22,15,0,2,1,fully_open
9,0.2029,0.0855,138,17,11,0,2,0,partially_open
9,0.1637,0.0592,171,14,14,0,2,1,fully_open
8,0.0812,0.0246,271,12,10,0,3,1,partially_open
6,0.1418,0.047,141,11,9,0.3333,2,1,partially_open
9,0.1163,0.043,215,14,11,0,3,0,partially_open
8,0.1542,0.0371,227,22,13,0,2,1,partially_open
10,0.0926,0.1065,108,5,5,0.3333,2,0,partially_open
8,0.1491,0.0393,228,18,16,0,3,0,fully_open
10,0.1471,0.0596,170,14,11,0.3333,2,1,partially_open
13,0.1355,0.0573,273,23,14,0.3333,3,0,fully_open
5,0.2248,0.048,129,16,13,0,2,1,partially_open
7,0.3913,0.0906,92,20,16,1,2,1,partially_open
7,0.2627,0.0584,118,17,14,0.3333,2,0,partially_open
9,0.1908,0.0723,152,17,12,0,2,1,fully_open
1,0.1042,0.0045,192,11,9,0,2,0,closed
9,0.155,0.0491,258,22,18,0,3,1,fully_open
9,0.1121,0.0434,214,14,10,0,3,0,fully_open
9,0.1123,0.0571,187,11,10,0,2,1,fully_open
12,0.1119,0.0725,143,8,8,0.6667,2,1,fully_open
10,0.0882,0.0657,204,9,9,0,2,1,fully_open
13,0.1088,0.0796,193,13,8,0,2,1,partially_open
8,0.1513,0.0361,238,20,16,0,3,1,partially_open
5,0.2061,0.0409,131,14,13,0.6667,2,1,partially_open
9,0.1481,0.0716,162,12,12,0.6667,2,1,partially_open
7,0.121,0.0267,248,18,12,0.3333,3,0,closed
4,0.2108,0.0233,204,28,15,0,2,0,partially_open
10,0.1918,0.071,146,16,12,0.3333,2,0,partially_open
8,0.269,0.0503,145,23,16,0,2,1,closed
14,0.1338,0.0935,142,11,8,0,2,1,partially_open
3,0.1511,0.0234,139,11,10,1,2,1,partially_open
10,0.0918,0.0494,207,12,7,0.6667,3,0,closed
8,0.1076,0.0332,223,13,11,0,3,1,fully_open
6,0.1984,0.045,126,13,12,0,2,1,closed
9,0.1839,0.1048,87,8,8,0,2,1,partially_open
5,0.3406,0.0457,138,27,20,0,2,0,fully_open
9,0.15,0.0803,140,11,10,0.3333,2,1,partially_open
14,0.0944,0.0375,413,22,17,0,3,1,partially_open
5,0.1327,0.0228,211,16,12,0,2,1,partially_open
9,0.0969,0.0401,227,12,10,0,3,1,closed
12,0.1181,0.0963,127,8,7,0,2,1,fully_open
8,0.2586,0.0798,116,18,12,0,2,1,partially_open
21,0.1158,0.0823,259,16,14,0.6667,3,1,fully_open
10,0.2435,0.0773,115,15,13,0,2,0,partially_open
8,0.1057,0.0393,227,14,10,0,3,0,fully_open
12,0.2245,0.0678,196,23,21,0,2,1,closed
16,0.074,0.0537,311,14,9,0.3333,3,1,fully_open
15,0.1414,0.098,198,16,12,0,2,1,closed
10,0.1237,0.0562,194,13,11,0.3333,2,1,fully_open
12,0.1373,0.0373,255,19,16,0,3,0,partially_open
11,0.1422,0.0546,232,19,14,0,3,1,fully_open
10,0.1286,0.0804,140,9,9,0.3333,2,0,fully_open
5,0.0769,0.0301,169,7,6,0,2,1,closed
18,0.07,0.1137,200,7,7,0,2,1,partially_open
12,0.1934,0.0626,212,21,20,0.3333,3,0,partially_open
7,0.1299,0.0488,177,13,10,0.3333,2,1,fully_open
13,0.1138,0.1087,167,10,9,0,2,1,fully_open
12,0.0554,0.0432,271,8,7,0,3,1,partially_open
17,0.1617,0.0912,167,14,13,0,2,1,closed
11,0.1643,0.0608,213,21,14,0.6667,3,0,closed
16,0.1345,0.0779,223,16,14,0.3333,3,1,partially_open
7,0.142,0.0399,162,13,10,0,2,1,fully_open
8,0.1023,0.0366,215,11,11,0.6667,3,1,closed
8,0.0874,0.0381,206,9,9,0,2,1,fully_open
10,0.2102,0.0552,157,18,15,0,2,1,fully_open
7,0.1,0.037,180,11,7,0.6667,2,0,closed
13,0.1854,0.0691,178,19,14,0.3333,2,1,fully_open
12,0.0605,0.0381,248,8,7,0.3333,3,1,fully_open
9,0.2632,0.0662,152,25,15,0.3333,2,0,fully_open
9,0.4375,0.1028,112,30,19,0,2,0,partially_open
16,0.1702,0.0896,188,19,13,0.3333,2,1,fully_open
17,0.0321,0.1082,187,3,3,0.3333,2,1,fully_open
8,0.163,0.0624,135,13,9,0,2,1,fully_open
6,0.1379,0.0312,232,17,15,0.3333,3,1,closed
11,0.1311,0.0601,206,14,13,0.3333,2,1,fully_open
5,0.3284,0.0814,67,11,11,0,1,0,partially_open
14,0.1834,0.0891,169,18,13,0,2,0,fully_open
19,0.0355,0.0689,282,5,5,0.3333,3,1,fully_open
5,0.2235,0.0363,179,23,17,0,2,1,fully_open
8,0.1467,0.07,150,12,10,0.3333,2,1,fully_open
10,0.1513,0.0434,238,21,15,0,3,1,partially_open
13,0.1382,0.0787,217,15,15,0,3,1,fully_open
10,0.2121,0.0909,132,14,14,0.3333,2,1,closed
7,0.1649,0.0688,97,8,8,0.3333,2,1,fully_open
21,0.0887,0.0665,327,18,11,0,3,1,fully_open
12,0.1286,0.0717,140,10,8,0,2,1,fully_open
13,0.0966,0.0836,145,7,7,0.3333,2,0,fully_open
7,0.0921,0.0423,152,8,6,0.6667,2,1,fully_open
6,0.0816,0.0366,196,9,7,0.6667,2,0,partially_open
10,0.0905,0.0457,210,10,9,1,2,0,partially_open
19,0.1494,0.0936,174,13,13,0.3333,2,0,closed
11,0.0848,0.056,224,10,9,0.3333,3,1,fully_open
10,0.3185,0.0902,135,22,21,0,2,1,fully_open
15,0.1361,0.1266,147,10,10,0,2,1,fully_open
8,0.1742,0.0601,155,19,8,1,2,1,partially_open
9,0.118,0.0559,161,10,9,0.3333,2,1,partially_open
9,0.1161,0.0498,224,17,9,0,3,1,partially_open
7,0.142,0.041,176,15,10,0.3333,2,0,partially_open
12,0.3485,0.0854,132,25,21,0,2,1,fully_open
10,0.2768,0.0866,112,17,14,0.3333,2,1,partially_open
15,0.0945,0.0449,328,18,13,0.3333,3,1,fully_open
9,0.1354,0.0428,229,17,14,0,3,1,partially_open
14,0.2245,0.1074,147,20,13,0,2,1,fully_open
12,0.1049,0.0866,162,9,8,0.3333,2,0,partially_open
7,0.0612,0.0318,245,8,7,0,3,1,partially_open
8,0.1854,0.0674,151,15,13,0.3333,2,0,fully_open
12,0.0465,0.0423,258,6,6,0.3333,3,0,fully_open
6,0.0723,0.0301,249,10,8,0,3,1,closed
13,0.2143,0.0875,168,20,16,0,2,1,fully_open
10,0.301,0.1058,103,18,13,0,2,0,closed
13,0.4615,0.1444,91,23,19,0.3333,2,1,fully_open
15,0.102,0.0671,255,14,12,0,3,0,fully_open
12,0.10780000000000001,0.0714,204,11,11,0,2,1,fully_open
17,0.1576,0.0954,203,17,15,0.3333,3,1,fully_open
5,0.1492,0.0382,181,14,13,0,2,1,fully_open
10,0.1928,0.0674,166,19,13,0.6667,2,1,fully_open
8,0.125,0.0518,144,10,8,0.3333,2,1,partially_open
9,0.189,0.0644,164,16,15,0,2,1,fully_open
13,0.2647,0.0954,136,20,16,0,2,1,fully_open
7,0.1985,0.0493,131,15,11,0.3333,2,0,fully_open
13,0.0829,0.0646,193,8,8,0.3333,2,1,partially_open
9,0.0862,0.0474,232,11,9,0.6667,3,0,partially_open
11,0.1406,0.0627,192,15,12,0,2,1,partially_open
11,0.2577,0.1337,97,13,12,0,2,1,partially_open
17,0.053,0.0544,302,9,7,0,3,0,partially_open
9,0.1489,0.0601,141,11,10,0,2,1,fully_open
10,0.1341,0.0629,179,13,11,0,2,1,closed
12,0.122,0.0925,164,10,10,0.3333,2,1,closed
11,0.1768,0.0751,181,17,15,0,2,1,closed
20,0.0486,0.0779,288,7,7,0.3333,3,1,partially_open
9,0.1755,0.0498,188,19,14,0,2,1,fully_open
7,1.2143,0.4045,14,9,8,0.3333,1,0,closed
11,0.1011,0.0692,178,9,9,0,2,1,partially_open
15,0.1176,0.0668,238,16,12,0.3333,3,1,fully_open
18,0.0687,0.0943,233,8,8,0.3333,3,1,fully_open
14,0.1076,0.1043,158,10,7,0.6667,2,1,fully_open
7,0.1273,0.0269,220,15,13,0,3,1,fully_open
11,0.1667,0.068,192,17,15,0.6667,2,1,fully_open
9,0.1905,0.0454,189,22,14,0.3333,2,1,closed
13,0.3134,0.1196,134,23,19,0,2,1,closed
13,0.1222,0.072,180,12,10,0.3333,2,1,closed
16,0.0957,0.0791,188,9,9,0.3333,2,1,fully_open
8,0.1435,0.0568,209,16,14,0,3,0,closed
6,0.033,0.0281,303,5,5,0,3,0,partially_open
4,0.1461,0.0244,178,14,12,0.3333,2,1,fully_open
14,0.0406,0.0596,197,4,4,0,2,0,closed
9,0.1224,0.043,196,14,10,0.3333,2,0,fully_open
12,0.1515,0.076,198,16,14,0,2,1,fully_open
8,0.2184,0.0645,174,24,14,0.3333,2,1,fully_open
4,0.0285,0.0154,281,4,4,0.6667,3,1,fully_open
9,0.1039,0.0387,231,12,12,0.3333,3,1,partially_open
10,0.2114,0.0878,123,15,11,0.6667,2,1,fully_open
9,0.301,0.0888,103,16,15,0.3333,2,1,fully_open
11,0.1095,0.0733,201,13,9,0.3333,2,0,partially_open
4,0.0675,0.0189,163,6,5,1,2,0,partially_open
8,0.1211,0.0434,256,18,13,0.6667,3,1,fully_open
5,0.1728,0.0412,162,14,14,0.3333,2,1,partially_open
20,0.2208,0.1322,154,17,17,0,2,1,partially_open
11,0.2177,0.088,147,17,15,0.3333,2,1,fully_open
9,0.2081,0.0547,149,17,14,0.3333,2,1,partially_open
9,0.1176,0.0512,187,11,11,0.6667,2,0,partially_open
9,0.1373,0.0596,204,16,12,0,2,1,closed
11,0.0894,0.0598,179,10,6,0,2,0,closed
14,0.0526,0.0615,228,6,6,1,3,1,partially_open
11,0.1087,0.0485,230,16,9,0.3333,3,1,fully_open
8,0.2523,0.0931,111,17,11,0,2,1,partially_open
10,0.0827,0.0475,254,13,8,0,3,0,fully_open
8,0.1393,0.0746,122,10,7,0,2,1,closed
10,0.1532,0.1146,124,11,8,0.3333,2,1,partially_open
10,0.2624,0.0876,141,20,17,0,2,1,partially_open
13,0.1046,0.0432,325,19,15,0.3333,3,0,fully_open
7,0.2022,0.0397,183,22,15,0.3333,2,1,partially_open
15,0.1364,0.0887,198,15,12,0.3333,2,1,partially_open
10,0.232,0.0834,125,15,14,0,2,0,partially_open
11,0.1515,0.0468,198,18,12,0.3333,2,0,partially_open
9,0.1053,0.0421,228,13,11,0.3333,3,1,closed
8,0.1229,0.0415,179,12,10,0.3333,2,1,partially_open
5,0.1478,0.0316,203,16,14,0,2,0,fully_open
12,0.1731,0.1435,104,9,9,0,2,1,fully_open
11,0.146,0.0472,226,19,14,0.3333,2,1,partially_open
13,0.0783,0.0774,166,8,5,0,2,0,partially_open
13,0.0947,0.0766,190,10,8,0,2,1,fully_open
16,0.0975,0.0718,236,12,11,0.3333,3,1,closed
5,0.2516,0.0317,155,23,16,0,2,0,partially_open
17,0.1301,0.0696,269,21,14,0.3333,3,1,fully_open
10,0.236,0.0662,161,22,16,0.3333,2,1,closed
10,0.0952,0.0658,147,7,7,0,2,1,fully_open
7,0.1314,0.053,175,12,11,0.3333,2,1,partially_open
15,0.0913,0.0735,219,11,9,0,3,1,fully_open
12,0.1471,0.0955,170,14,11,0.3333,2,1,fully_open
5,0.0982,0.0221,224,13,9,0.3333,3,0,closed
18,0.1043,0.062,326,19,15,0.6667,3,1,fully_open
10,0.8462,0.4098,26,11,11,0.3333,1,1,fully_open
10,0.1013,0.0628,158,9,7,0.3333,2,1,partially_open
11,0.2536,0.1237,138,20,15,0.3333,2,1,fully_open
8,0.0748,0.0314,254,10,9,0,3,1,fully_open
6,0.1434,0.0246,244,20,15,0.6667,3,1,partially_open
8,0.0896,0.1183,67,3,3,0.3333,1,0,fully_open
9,0.1514,0.0578,185,17,11,0,2,1,closed
16,0.1313,0.06,259,22,12,0.3333,3,0,fully_open
4,0.1562,0.0462,128,10,10,0,2,1,fully_open
7,0.2229,0.0495,157,18,17,0,2,1,partially_open
8,0.2759,0.049,116,17,15,0,2,1,closed
12,0.2333,0.2098,60,7,7,0.6667,1,0,partially_open
11,0.2313,0.0833,134,16,15,0,2,1,fully_open
18,0.2113,0.0993,194,25,16,0.3333,2,0,partially_open
8,0.2867,0.0725,150,24,19,0,2,1,partially_open
7,0.2376,0.0978,101,14,10,0.3333,2,0,partially_open
14,0.0447,0.0404,403,9,9,0.3333,3,1,fully_open
13,0.105,0.063,200,12,9,0.3333,2,1,partially_open
16,0.0644,0.0426,388,15,10,1,3,0,partially_open
4,0.1176,0.0218,170,11,9,0,2,1,closed
7,0.2185,0.0633,151,19,14,0,2,1,partially_open
12,0.0173,0.0126,1041,9,9,0,3,1,fully_open
7,0.0658,0.0434,152,5,5,0.6667,2,1,partially_open
13,0.1975,0.0929,157,17,14,0.6667,2,1,fully_open
10,0.2308,0.084,117,15,12,0,2,1,partially_open
8,0.1376,0.0512,218,17,13,0,3,1,closed
11,0.1389,0.0429,252,20,15,0,3,1,fully_open
8,0.1719,0.0487,192,19,14,0.3333,2,1,closed
13,0.1193,0.0671,176,13,8,0.3333,2,0,partially_open
6,0.1946,0.0631,149,18,11,0,2,1,fully_open
9,0.1705,0.0639,176,16,14,0.3333,2,1,fully_open
9,0.1301,0.0657,146,10,9,0,2,0,partially_open
13,0.2333,0.0759,150,18,17,0.3333,2,0,fully_open
8,0.08,0.0267,250,11,9,0,3,1,fully_open
9,0.092,0.0397,261,13,11,0,3,1,fully_open
9,0.1111,0.0557,198,12,10,0.3333,2,1,closed
5,0.0773,0.0226,233,10,8,0.3333,3,1,fully_open
6,0.1647,0.0534,170,16,12,0,2,1,fully_open
9,0.1747,0.0545,166,18,11,0,2,1,partially_open
9,0.1895,0.0495,153,15,14,0.3333,2,1,partially_open
9,0.1523,0.0462,197,17,13,0.3333,2,1,partially_open
20,0.1676,0.1121,179,17,13,0,2,1,partially_open
5,0.1374,0.0238,211,16,13,0.3333,2,1,closed
6,0.2837,0.0496,141,23,17,0.3333,2,1,closed
8,0.0417,0.0363,288,6,6,0.3333,3,0,closed
8,0.2383,0.025,214,30,21,0,3,1,partially_open
13,0.2248,0.0833,129,16,13,0.3333,2,1,closed
13,0.1148,0.1148,122,7,7,0,2,1,closed
8,0.25,0.068,168,22,20,0,2,1,fully_open
17,0.1469,0.1241,177,15,11,0.6667,2,1,fully_open
11,0.34,0.1248,100,18,16,0,2,1,closed
9,0.1014,0.0388,276,15,13,0.3333,3,1,fully_open
9,0.1421,0.0462,183,16,10,0,2,1,partially_open
13,0.1183,0.0639,186,12,10,0,2,0,closed
4,0.1391,0.0263,230,17,15,0.3333,3,0,partially_open
12,0.0949,0.0558,253,13,11,0.3333,3,1,closed
11,0.1658,0.056,193,18,14,0,2,0,closed
9,0.2011,0.0693,184,21,16,0,2,1,closed
11,0.11,0.0625,200,11,11,0,3,1,partially_open
9,0.1071,0.0289,252,16,11,0.6667,3,0,fully_open
13,0.1412,0.0936,170,14,10,0.3333,2,1,fully_open
7,0.0595,0.0309,185,6,5,0,2,1,closed
9,0.1436,0.0526,181,13,13,0,2,1,partially_open
10,0.1,0.043,260,15,11,0,3,1,fully_open
7,0.1164,0.0379,189,13,9,0.3333,2,0,fully_open
8,0.1106,0.0391,235,13,13,0.3333,3,1,fully_open
14,0.1381,0.0625,210,17,12,0.3333,2,1,fully_open
5,0.0836,0.0148,347,15,14,0,3,1,fully_open
10,0.1384,0.0651,159,12,10,0,2,1,partially_open
15,0.105,0.0558,238,15,10,0,3,0,partially_open
11,0.0885,0.0591,226,11,9,0.6667,3,1,fully_open
29,0.1828,0.1348,186,19,15,0.3333,2,0,fully_open
9,0.1458,0.0475,192,17,11,0,2,1,closed
5,0.2258,0.0401,155,22,13,0,2,0,fully_open
9,0.2456,0.0985,114,15,13,0,2,1,fully_open
18,0.1367,0.066,300,23,18,0.3333,3,1,fully_open
12,0.1667,0.0793,186,16,15,0,2,1,fully_open
11,0.1361,0.0612,191,13,13,0,2,1,fully_open
8,0.1688,0.0697,154,15,11,0.3333,2,1,partially_open
8,0.067,0.0464,209,7,7,0.3333,3,0,partially_open
9,0.1575,0.0626,146,13,10,0.6667,2,1,partially_open
13,0.1229,0.0884,179,12,10,0.6667,2,1,partially_open
13,0.1404,0.0726,171,14,10,0.3333,2,1,fully_open
16,0.0329,0.0374,426,7,7,0.3333,3,1,fully_open
11,0.0597,0.0235,419,14,11,0,3,1,fully_open
9,0.1403,0.0494,221,17,14,0.3333,3,1,partially_open
7,0.1383,0.0363,188,14,12,0,2,1,closed
11,0.22,0.1172,100,12,10,0,2,1,partially_open
13,0.0648,0.0578,247,8,8,0,3,1,closed
9,0.1416,0.05,233,19,14,0,2,1,partially_open
9,0.1919,0.0515,198,21,17,0,2,1,closed
6,0.3556,0.045,135,26,22,0,2,0,partially_open
15,0.134,0.0979,194,13,13,0.6667,2,1,fully_open
14,0.1158,0.0709,190,12,10,0.3333,2,1,partially_open
14,0.1429,0.0714,203,16,13,0.3333,2,1,fully_open
11,0.0968,0.0504,217,11,10,0.6667,3,1,partially_open
6,0.1739,0.046,138,12,12,0.6667,2,0,fully_open
7,0.1429,0.0556,175,16,9,0.3333,2,1,closed
15,0.0482,0.0298,602,16,13,0.6667,3,1,partially_open
14,0.1289,0.0864,194,14,11,0.3333,2,1,fully_open
9,0.1593,0.0578,182,17,12,0,2,1,closed
15,0.1705,0.1018,176,22,8,0,2,1,closed
8,0.2874,0.0521,167,26,22,0.3333,2,0,fully_open
4,0.0845,0.0253,213,9,9,0,2,1,fully_open
10,0.2286,0.0795,140,18,14,0,2,1,partially_open
6,0.1832,0.0264,202,21,16,0.3333,2,1,fully_open
11,0.1356,0.0544,236,18,14,0,3,1,partially_open
12,0.1132,0.0478,265,17,13,0,3,0,partially_open
12,0.1892,0.099,148,15,13,0,2,1,fully_open
22,0.0837,0.0793,227,10,9,0,3,0,closed
5,0.1354,0.0192,229,19,12,0,3,1,closed
8,0.2384,0.0612,151,23,13,0,2,1,partially_open
9,0.1632,0.0475,190,18,13,0,2,1,closed
11,0.146,0.0922,137,11,9,0.6667,2,1,fully_open
9,0.1774,0.0858,124,12,10,0.3333,2,1,partially_open
6,0.1401,0.0234,257,24,12,0,3,0,partially_open
12,0.0905,0.0751,210,11,8,0,2,0,closed
24,0.1796,0.1474,167,15,15,0.6667,2,1,fully_open
10,0.1195,0.0447,226,15,12,0.3333,3,1,closed
9,0.1174,0.0391,281,19,14,0.3333,3,1,fully_open
12,0.136,0.0474,228,16,15,0.3333,3,1,partially_open
9,0.4667,0.1168,75,18,17,0.3333,2,1,partially_open
13,0.1481,0.109,108,8,8,0,2,1,fully_open
13,0.1456,0.0782,158,17,6,0,2,1,partially_open
12,0.1702,0.0909,141,15,9,0,2,1,partially_open
4,0.2121,0.0159,132,16,12,0,2,0,partially_open
18,0.1181,0.0653,271,17,15,0,3,1,partially_open
14,0.0867,0.0979,173,8,7,0.6667,2,1,partially_open
9,0.0909,0.0288,319,16,13,0.3333,3,1,partially_open
15,0.2752,0.0996,149,22,19,0,2,1,fully_open
10,0.1275,0.0528,204,15,11,0,2,1,closed
8,0.252,0.0944,123,17,14,0,2,1,fully_open
20,0.1553,0.1064,219,18,16,0.3333,3,1,partially_open
8,0.1467,0.0447,184,15,12,0,2,1,closed
15,0.1613,0.0889,186,17,13,0,2,1,closed
11,0.236,0.0776,161,20,18,0,2,1,partially_open
16,0.1007,0.06,278,16,12,0,3,1,partially_open
13,0.1405,0.063,185,15,11,0,3,1,partially_open
5,0.0904,0.0289,188,10,7,0,2,1,partially_open
12,0.123,0.0407,317,21,18,0,3,1,fully_open
7,0.1263,0.021,372,27,20,0.3333,3,0,fully_open
7,0.1747,0.0597,166,16,13,0,2,0,partially_open
6,0.2101,0.0549,138,15,14,0,2,1,partially_open
14,0.139,0.073,223,19,12,0,3,1,partially_open
7,0.177,0.0701,113,11,9,0,2,1,partially_open
11,0.1163,0.0494,258,16,14,0,3,1,fully_open
17,0.1116,0.0868,242,16,11,0.3333,3,1,partially_open
9,0.0482,0.0581,166,4,4,1,2,0,fully_open
11,0.0353,0.0308,425,8,7,0.3333,3,0,partially_open
17,0.1371,0.0618,248,21,13,0,3,1,fully_open
8,0.0814,0.029,295,14,10,0,3,0,partially_open
5,0.0682,0.0352,176,6,6,0.3333,2,1,partially_open
9,0.2316,0.0548,177,24,17,0,2,1,closed
7,0.1526,0.0349,190,16,13,0,2,0,partially_open
12,0.1585,0.0718,183,17,12,0.3333,2,1,fully_open
8,0.0691,0.0323,275,11,8,0,3,1,partially_open
9,0.2273,0.0554,176,23,17,0,2,0,fully_open
9,0.2251,0.0305,231,27,25,0,3,1,partially_open
7,0.1467,0.0394,225,17,16,0,3,1,closed
10,0.1005,0.0542,199,12,8,0,2,1,closed
11,0.129,0.0513,248,18,14,0.3333,3,1,fully_open
20,0.1005,0.1064,199,11,9,1,2,1,partially_open
11,0.2963,0.1172,81,12,12,0.3333,2,1,fully_open
15,0.0613,0.0522,310,10,9,0.6667,3,1,partially_open
3,0.1418,0.0333,141,12,8,0.3333,2,1,partially_open
8,0.1016,0.0285,305,18,13,0,3,0,fully_open
16,0.2196,0.0993,214,25,22,0,3,1,partially_open
9,0.1917,0.0844,120,13,10,0,2,0,fully_open
9,0.1391,0.037,230,19,13,0,3,1,closed
17,0.0877,0.0833,228,12,8,0.3333,3,1,partially_open
10,0.093,0.0798,172,8,8,0,2,1,partially_open
5,0.0683,0.0277,249,9,8,0,3,1,closed
8,0.1575,0.0533,146,13,10,0,2,0,partially_open
9,0.0986,0.0768,142,8,6,0.3333,2,0,closed
14,0.1145,0.1007,131,8,7,0.3333,2,1,fully_open
4,0.1224,0.0108,237,16,13,0.3333,3,0,fully_open
9,0.2256,0.057,195,26,18,0,2,0,closed
1,0.2092,0.0128,153,19,13,0,2,0,closed
12,0.0957,0.065,230,11,11,0.3333,3,1,partially_open
18,0.2658,0.1138,158,22,20,0,2,1,closed
6,0.2655,0.0439,113,18,12,0.6667,2,1,closed
8,0.0429,0.0394,210,5,4,0.6667,3,1,partially_open
5,0.0818,0.0182,220,10,8,0.3333,3,1,closed
7,0.1007,0.0305,288,16,13,0,3,1,closed
15,0.9375,0.9859,16,9,6,0.3333,1,1,partially_open
10,0.1127,0.0738,142,9,7,0,2,1,partially_open
22,0.1774,0.1147,186,18,15,0,2,1,fully_open
16,0.0886,0.0697,237,11,10,0,3,0,closed
16,0.1784,0.0637,241,24,19,0.3333,3,1,fully_open
10,0.1749,0.0621,183,19,13,0,2,1,fully_open
7,0.2441,0.0623,127,16,15,0,2,1,partially_open
12,0.0913,0.0637,230,11,10,0.6667,3,0,fully_open
6,0.0541,0.0491,148,4,4,0.6667,2,0,closed
12,0.1988,0.087,161,18,14,0.6667,2,1,fully_open
10,0.1667,0.061,162,17,10,0,2,1,closed
14,0.1465,0.1169,157,14,9,0,2,1,fully_open
11,0.166,0.0566,247,24,17,0.3333,3,1,partially_open
14,0.1638,0.0639,232,23,15,0.3333,3,1,fully_open
7,0.1988,0.0456,161,17,15,0.3333,2,1,partially_open
12,0.2162,0.0653,185,25,15,0.3333,2,1,fully_open
2,0.1154,0.0324,104,6,6,0,2,1,closed
17,0.1483,0.0766,209,18,13,0.3333,3,1,fully_open
9,0.2688,0.1217,93,13,12,0,2,0,partially_open
9,0.0488,0.0382,246,6,6,0,3,1,fully_open
15,0.0775,0.0408,387,16,14,0.6667,3,0,fully_open
6,0.0385,0.035,156,3,3,0.3333,2,1,partially_open
9,0.1451,0.0508,193,16,12,0,2,1,closed
13,1.2368,0.4788,38,25,22,0,1,1,closed
10,0.1765,0.0786,170,17,13,0,2,1,closed
6,0.1429,0.0456,182,14,12,0.3333,2,1,partially_open
10,0.2784,0.1261,97,15,12,0.3333,2,1,fully_open
13,0.1751,0.0598,217,21,17,0.3333,3,1,fully_open
8,0.1297,0.0411,239,19,12,0.3333,3,1,closed
8,0.1444,0.044,187,14,13,0.3333,2,0,closed
7,0.08,0.0235,300,14,10,0.3333,3,1,fully_open
4,0.1772,0.0324,158,15,13,0.3333,2,1,partially_open
18,0.1435,0.0764,216,18,13,0.3333,3,1,closed
11,0.2374,0.0816,139,20,13,0,2,1,closed
12,0.1026,0.0626,195,10,10,0.3333,2,1,closed
15,0.0645,0.0531,248,8,8,0,3,1,fully_open
17,0.191,0.0886,178,19,15,0.3333,2,0,fully_open
12,0.1184,0.0644,228,16,11,0,3,1,closed
8,0.1716,0.0559,169,17,12,0.3333,2,1,closed
17,0.1204,0.0744,216,13,13,0.3333,2,0,closed
7,0.1205,0.0296,224,15,12,0.3333,3,0,fully_open
8,0.1371,0.0382,197,15,12,0,2,1,partially_open
9,0.2228,0.0511,193,22,21,0,2,1,fully_open
7,0.1634,0.0325,202,22,11,0,2,0,closed
8,0.06,0.0276,300,9,9,0.6667,3,0,fully_open
9,0.066,0.0207,470,18,13,0.3333,3,1,fully_open
7,0.1156,0.0417,173,12,8,0,2,0,partially_open
7,0.1854,0.0464,178,20,13,0,2,0,closed
10,0.05,0.0696,160,4,4,0.6667,2,1,closed
12,0.3214,0.0888,140,25,20,0,2,1,partially_open
8,0.1202,0.0471,233,17,11,0,3,1,partially_open
12,0.0787,0.0857,178,7,7,0.6667,2,1,fully_open
12,0.1055,0.0465,237,14,11,0.3333,3,1,fully_open
11,0.0375,0.0545,240,5,4,0.6667,3,1,partially_open
9,0.2656,0.09,128,19,15,0.3333,2,1,partially_open
20,0.088,0.0889,250,11,11,0.3333,3,1,fully_open
11,0.1812,0.0774,149,15,12,0,2,1,partially_open
10,0.2671,0.0619,161,23,20,0.3333,2,1,partially_open
12,0.2282,0.0783,149,19,15,0.3333,2,1,partially_open
10,0.15310000000000001,0.0386,294,25,20,0,3,0,fully_open
20,0.1542,0.0796,253,21,18,0,3,1,fully_open
6,0.4457,0.056,92,23,18,0,2,1,fully_open
12,0.194,0.067,201,24,15,0,2,1,closed
11,0.0913,0.0472,252,12,11,0.6667,3,0,closed
17,0.1465,0.0693,273,23,17,0,3,1,partially_open
5,0.1479,0.0367,142,11,10,0,2,1,fully_open
8,0.1435,0.0428,230,19,14,0.3333,3,1,partially_open
8,0.2571,0.0846,140,18,18,0,2,1,partially_open
8,0.1139,0.0412,202,12,11,0.6667,3,0,closed
19,0.1221,0.0925,172,12,9,0.3333,2,0,fully_open
10,0.2214,0.0908,140,18,13,0,2,0,closed
11,0.1928,0.0805,166,18,14,0,2,0,closed
8,0.0349,0.0417,172,3,3,0,2,0,fully_open
12,0.0683,0.0412,322,11,11,0.3333,3,1,fully_open
6,0.1105,0.034,172,11,8,0,2,0,fully_open
8,0.0706,0.0292,326,12,11,0.3333,3,1,fully_open
16,0.1846,0.0935,195,22,14,0,2,0,closed
13,0.1793,0.0856,184,19,14,0,2,1,partially_open
14,0.132,0.0664,250,17,16,0,3,1,partially_open
18,0.1582,0.1142,177,15,13,0,2,1,fully_open
9,0.1518,0.0438,257,22,17,0,3,0,fully_open
8,0.1086,0.0375,221,13,11,0.6667,3,1,fully_open
8,0.1889,0.0886,90,9,8,0,2,0,fully_open
14,0.1314,0.0496,312,23,18,0,3,1,partially_open
15,0.1676,0.073,173,16,13,0,2,1,partially_open
15,0.0401,0.0302,449,10,8,0.3333,3,0,fully_open
12,0.1306,0.0691,222,18,11,0.3333,2,0,fully_open
9,0.125,0.0501,160,11,9,0.6667,2,1,partially_open
12,0.2793,0.0688,179,30,20,0.3333,2,1,partially_open
10,0.2168,0.0725,143,16,15,0,2,1,partially_open
10,0.0798,0.0425,238,10,9,0,3,1,closed
14,0.2378,0.0924,143,19,15,0,2,1,fully_open
11,0.1184,0.0479,245,16,13,0,3,1,closed
11,0.0785,0.0398,293,12,11,0.3333,3,0,partially_open
10,0.0997,0.0419,301,17,13,0,3,1,fully_open
10,0.1042,0.0486,240,13,12,0,3,1,closed
12,0.3913,0.5366,23,5,4,0.3333,1,1,partially_open
7,0.5926,0.2028,54,18,14,0.3333,1,1,partially_open
6,0.339,0.0501,118,22,18,0,2,0,partially_open
8,0.1179,0.046,195,13,10,0,2,1,partially_open
3,0.1547,0.0243,181,16,12,0,2,1,partially_open
8,0.1667,0.0384,204,25,9,1,2,1,closed
11,0.2329,0.0843,146,19,15,0.6667,2,1,partially_open
9,0.0879,0.0481,182,9,7,0.3333,2,1,fully_open
8,0.21,0.0683,100,12,9,0,2,1,fully_open
19,0.2667,0.1187,150,22,18,0,2,1,partially_open
12,0.0696,0.0316,474,18,15,0,3,1,closed
9,0.1923,0.0526,156,18,12,0,2,1,partially_open
20,0.18,0.0843,250,26,19,0.3333,3,1,fully_open
11,0.9643,0.3367,28,15,12,0.3333,1,0,closed
7,0.0917,0.0438,218,10,10,0.6667,3,1,fully_open
8,0.1348,0.0307,282,21,17,0.3333,3,1,fully_open
4,0.1447,0.0225,159,13,10,0,2,1,fully_open
6,0.1267,0.0308,221,15,13,0,2,1,partially_open
15,0.1026,0.08,195,10,10,0.6667,2,1,partially_open
14,0.1034,0.088,203,11,10,0,2,0,partially_open
14,0.087,0.0706,230,10,10,0.3333,3,1,partially_open
10,0.1148,0.09,122,7,7,0.3333,2,0,closed
12,0.1448,0.0603,221,19,13,0.6667,3,1,partially_open
8,0.1535,0.0395,215,20,13,0.3333,2,0,fully_open
11,0.142,0.0663,169,15,9,0.6667,2,0,partially_open
12,0.1579,0.0807,171,14,13,0,2,1,fully_open
8,0.299,0.0831,97,15,14,0.3333,2,1,fully_open
13,0.1609,0.0665,230,19,18,0,3,1,fully_open
12,0.1908,0.0971,152,16,13,0,2,1,fully_open
9,0.1837,0.0674,147,15,12,0,2,1,fully_open
12,0.1316,0.0639,228,16,14,0,3,0,closed
8,0.22,0.0543,150,19,14,0.6667,2,1,fully_open
16,0.0952,0.07,231,11,11,0.3333,3,1,partially_open
8,0.1448,0.0393,221,18,14,0.3333,3,1,partially_open
10,0.2222,0.0678,180,24,16,0,2,1,partially_open
9,0.1279,0.0382,258,18,15,0.6667,3,1,partially_open
11,0.1865,0.0853,193,18,18,0,2,1,closed
5,0.1618,0.0414,136,12,10,0.3333,2,1,closed
15,0.1745,0.1127,149,15,11,0,2,0,fully_open
14,0.0362,0.0611,276,5,5,0.3333,3,1,fully_open
7,0.196,0.043,199,25,14,0,2,1,partially_open
11,0.1829,0.068,175,16,16,0,2,1,partially_open
12,0.2063,0.068,189,21,18,0,2,1,partially_open
9,0.1116,0.0388,224,14,11,0,3,1,fully_open
8,0.2254,0.0459,173,23,16,0,2,1,partially_open
7,0.1564,0.0335,211,19,14,0,2,0,fully_open
4,0.0939,0.0225,213,11,9,0,3,1,fully_open
9,0.1158,0.0598,190,11,11,0,2,1,partially_open
11,0.1341,0.0374,276,20,17,0,3,1,partially_open
12,0.0972,0.0413,319,19,12,0.3333,3,1,partially_open
12,0.1538,0.1151,117,10,8,0.3333,2,1,closed
11,0.1268,0.0445,213,17,10,0.3333,2,1,fully_open
9,0.1511,0.0496,225,22,12,0.3333,2,1,partially_open
14,0.1041,0.0781,221,13,10,0,3,1,closed
11,0.2148,0.0877,149,18,14,0.6667,2,1,partially_open
15,0.0746,0.0656,228,9,8,0.3333,2,0,partially_open
9,0.2256,0.0476,195,24,20,0,2,1,fully_open
12,0.1795,0.0692,195,20,15,0,2,1,partially_open
12,0.1368,0.1196,117,8,8,0,2,1,partially_open
6,0.219,0.0514,137,15,15,0.3333,2,1,closed
11,0.208,0.0905,125,14,12,0.3333,2,0,closed
7,0.0491,0.0188,326,10,6,0.3333,3,0,partially_open
7,0.3701,0.0823,127,29,18,0,2,0,partially_open
13,0.1369,0.0516,263,22,14,0.3333,3,1,closed
22,0.1581,0.0861,215,19,15,0.3333,2,1,fully_open
9,0.2483,0.0778,149,22,15,0,2,1,closed
12,0.041,0.0411,244,6,4,0,3,1,partially_open
11,0.2283,0.0859,127,16,13,0,2,0,fully_open
17,0.2329,0.1351,146,19,15,0,2,1,fully_open
16,1.3478,0.8031,23,17,14,0,1,1,partially_open
13,0.2022,0.0838,183,21,16,0.6667,2,1,fully_open
14,0.1111,0.0641,207,12,11,0.3333,3,1,partially_open
10,0.0799,0.0351,288,13,10,0.3333,3,1,fully_open
9,0.1897,0.0544,174,20,13,0,2,1,fully_open
15,0.1029,0.0686,243,14,11,0,3,1,fully_open
4,0.1902,0.0245,163,18,13,0.6667,2,1,partially_open
7,0.1429,0.0467,196,15,13,0.3333,3,1,partially_open
9,0.1106,0.0468,199,12,10,0,3,1,fully_open
4,0.1233,0.0303,219,17,10,0,3,0,closed
14,0.1929,0.1047,140,15,12,0,2,1,partially_open
10,0.0442,0.0502,226,5,5,0.3333,3,0,partially_open
8,0.1656,0.0514,151,16,9,0,2,0,partially_open
4,0.0929,0.0176,226,13,8,0,3,1,partially_open
17,0.0622,0.0703,241,8,7,0.6667,3,0,fully_open
9,0.0565,0.0345,283,8,8,0,3,0,closed
12,0.1805,0.1091,133,12,12,1,2,1,partially_open
7,0.163,0.0426,135,12,10,0.6667,2,0,partially_open
10,0.0857,0.043,280,13,11,0.3333,3,1,fully_open
12,0.1429,0.0896,175,15,10,0,2,1,partially_open
11,0.1566,0.0623,198,18,13,0,2,0,closed
11,0.1534,0.0983,163,14,11,0.3333,2,1,partially_open
9,0.4167,0.0874,108,25,20,0.3333,2,1,closed
7,0.2128,0.059,141,17,13,0,2,0,partially_open
11,0.1895,0.1544,95,9,9,0,2,1,fully_open
7,0.1719,0.0588,128,14,8,0,2,0,partially_open
14,0.0903,0.0501,288,14,12,0.3333,3,1,fully_open
7,0.3534,0.0626,116,22,19,0,2,1,partially_open
13,0.1075,0.0498,307,18,15,0,3,1,partially_open
32,0.1179,0.0817,407,28,20,0.6667,3,0,fully_open
6,0.08,0.0358,250,10,10,0,3,1,partially_open
12,0.0994,0.0431,332,19,14,0,3,1,fully_open
13,0.0813,0.0567,246,10,10,0.6667,3,1,fully_open
11,0.1057,0.058,227,13,11,0.3333,3,1,closed
17,1.3333,0.791,15,11,9,0.3333,1,0,fully_open
10,0.0403,0.0447,298,6,6,0,3,1,fully_open
7,0.04,0.0367,200,4,4,1,2,0,partially_open
9,0.0707,0.0383,198,7,7,0.6667,2,0,partially_open
17,0.2033,0.0936,182,23,14,0.3333,2,1,partially_open
8,0.1122,0.0404,196,12,10,0,2,0,closed
8,0.2532,0.0745,154,23,16,0,2,1,partially_open
13,0.1339,0.0582,254,20,14,0,3,1,partially_open
15,0.1854,0.1081,151,16,12,0,2,1,partially_open
11,0.052,0.0525,250,7,6,0,3,1,partially_open
11,0.1445,0.0686,173,14,11,0,2,1,partially_open
12,0.0538,0.0441,279,8,7,0.6667,3,0,closed
11,0.1515,0.0591,198,15,15,0.3333,2,1,partially_open
7,0.2588,0.0772,85,13,9,0.3333,2,0,fully_open
13,0.1263,0.0796,190,13,11,0,2,1,partially_open
9,0.1212,0.0506,198,14,10,0,2,1,fully_open
9,0.1264,0.0363,277,19,16,0,3,1,fully_open
11,0.2782,0.0797,133,21,16,0.6667,2,1,partially_open
12,0.1931,0.0922,145,16,12,0,2,1,partially_open
11,0.0796,0.066,201,8,8,0,2,1,partially_open
11,0.1788,0.0879,151,14,13,0,2,1,fully_open
10,0.1948,0.0774,154,17,13,0,2,1,fully_open
15,0.1618,0.0949,173,16,12,0,2,1,fully_open
10,0.07,0.0308,343,13,11,0.3333,3,1,fully_open
9,0.25,0.0556,120,18,12,0.3333,2,0,closed
11,0.2614,0.0622,176,25,21,0,2,0,partially_open
7,0.1795,0.0658,156,15,13,0,2,1,fully_open
13,0.0651,0.0383,338,12,10,0,3,0,partially_open
3,0.1693,0.026,189,18,14,0.6667,2,1,closed
15,0.0546,0.0549,293,9,7,0.3333,3,1,fully_open
10,0.3824,0.0622,170,36,29,0.3333,2,1,fully_open
10,0.2542,0.0955,118,19,11,0.3333,2,0,fully_open
14,0.0625,0.0519,320,11,9,0.3333,3,1,partially_open
10,0.1786,0.0686,168,22,8,0,2,1,fully_open
10,0.1243,0.0556,177,11,11,0,2,1,fully_open
14,0.3043,0.1073,138,25,17,0,2,1,partially_open
6,0.28,0.0697,100,16,12,0,2,1,fully_open
8,0.125,0.0608,216,14,13,0.3333,2,0,closed
11,0.1261,0.0515,238,16,14,0,3,1,closed
5,0.2212,0.0461,104,13,10,0,2,0,fully_open
15,0.0845,0.0511,343,15,14,0,3,1,partially_open
14,0.15,0.0826,180,15,12,0,2,1,closed
8,0.0745,0.0463,188,8,6,0.6667,2,1,closed
10,0.1905,0.086,147,16,12,0.3333,2,1,fully_open
10,0.178,0.0497,191,18,16,0.3333,2,1,fully_open
13,0.1056,0.0434,284,16,14,0,3,1,closed
16,0.1032,0.0492,310,18,14,0,3,1,partially_open
12,0.1977,0.0721,177,18,17,0,2,1,fully_open
18,0.1918,0.137,146,15,13,0.3333,2,1,partially_open
12,0.1965,0.0551,229,26,19,0,3,1,partially_open
10,0.64,0.4302,25,8,8,0.6667,1,1,partially_open
8,0.0308,0.0356,195,3,3,0.6667,3,0,partially_open
12,0.0833,0.0516,252,12,9,0.3333,3,1,fully_open
11,0.0979,0.0471,286,15,13,0,3,1,fully_open
6,0.1166,0.0349,163,10,9,0.3333,2,1,fully_open
10,0.1215,0.0428,247,16,14,0.6667,3,1,partially_open
9,0.1108,0.0263,325,19,17,0.3333,3,0,fully_open
8,0.1513,0.0533,152,12,11,0,2,1,fully_open
10,0.6,0.3184,35,11,10,0,1,1,partially_open
7,0.1231,0.0428,195,13,11,0.6667,2,1,fully_open
18,0.0344,0.0785,291,5,5,0.3333,3,1,fully_open
8,0.0843,0.0477,166,7,7,0.3333,2,0,closed
14,0.1204,0.0669,216,14,12,0.3333,2,1,fully_open
12,0.1166,0.0608,163,10,9,0,2,1,fully_open
12,0.1429,0.055,210,18,12,0.3333,2,0,fully_open
13,0.1508,0.0719,199,17,13,0,2,1,fully_open
11,0.1369,0.0635,168,13,10,0,2,1,partially_open
7,0.1455,0.0429,213,17,14,0,3,1,fully_open
8,0.1176,0.0534,136,8,8,0,2,1,fully_open
12,0.0854,0.0618,199,9,8,0,3,0,partially_open
16,0.0753,0.0928,186,7,7,0,2,0,fully_open
6,0.0647,0.0278,201,7,6,0.3333,2,0,fully_open
9,0.202,0.0835,99,10,10,0.3333,2,1,fully_open
22,0.1017,0.1355,177,9,9,0.3333,2,1,fully_open
16,0.1648,0.0795,182,18,12,0.3333,2,1,fully_open
14,0.139,0.072,187,14,12,0,2,0,partially_open
8,0.1975,0.0554,162,17,15,0,2,1,fully_open
10,0.0632,0.0566,190,6,6,0,2,1,fully_open
11,0.1908,0.0633,173,17,16,0,2,1,closed
15,0.381,0.30620000000000003,42,8,8,0,1,0,fully_open
16,0.1694,0.1012,183,19,12,0.6667,2,1,partially_open
7,0.1333,0.0869,90,6,6,0.6667,2,0,partially_open
7,0.1494,0.0456,174,15,11,0.3333,2,1,closed
14,0.117,0.0616,265,18,13,0.3333,3,1,fully_open
15,0.2378,0.1274,143,21,13,0,2,1,fully_open
13,0.1796,0.0461,245,24,20,0,3,0,fully_open
9,0.1025,0.035,283,18,11,0,3,1,fully_open
16,0.0606,0.0707,264,9,7,0.6667,3,0,fully_open
8,0.2095,0.0609,148,16,15,0.3333,2,0,fully_open
11,0.0357,0.0466,280,5,5,0.3333,3,0,fully_open
12,0.1693,0.0666,189,17,15,0.3333,2,1,closed
11,0.1456,0.0536,206,17,13,0,2,0,fully_open
9,0.1059,0.0657,170,9,9,0,2,1,closed
16,0.1775,0.1164,169,18,12,0.3333,2,0,partially_open
5,0.1727,0.02,249,23,20,0,3,1,fully_open
9,0.1677,0.0627,155,16,10,0,2,1,partially_open
15,0.0871,0.0461,333,17,12,0,3,1,fully_open
15,0.0751,0.0542,293,12,10,0,3,1,partially_open
13,0.0621,0.0401,354,12,10,0,3,1,partially_open
12,0.1278,0.0877,180,13,10,0.6667,2,1,fully_open
9,0.2619,0.0691,126,18,15,0.3333,2,1,partially_open
13,0.0698,0.0557,258,13,5,0,3,0,fully_open
12,0.3071,0.0899,140,22,21,0,2,1,fully_open
8,0.2344,0.0667,128,16,14,0,2,1,fully_open
12,0.1829,0.0849,164,16,14,0,2,1,fully_open
18,0.2548,0.0843,208,31,22,0.3333,2,1,fully_open
9,0.1597,0.0735,144,13,10,0,2,1,closed
12,0.1273,0.0647,220,16,12,0,3,0,fully_open
8,0.2246,0.0787,138,17,14,0.3333,2,1,fully_open
11,0.1832,0.045,202,21,16,0,2,1,partially_open
12,0.1429,0.0404,266,19,19,0,3,1,fully_open
11,0.1902,0.0502,205,21,18,0.3333,2,0,partially_open
11,0.2887,0.0685,142,25,16,0.3333,2,1,partially_open
11,0.2036,0.0833,167,19,15,0,2,1,closed
15,0.1134,0.0611,291,19,14,0,3,1,partially_open
12,0.1024,0.0449,254,14,12,0,3,1,partially_open
11,0.084,0.0545,250,13,8,0,3,1,fully_open
15,0.0854,0.0472,316,15,12,0.3333,3,1,fully_open
9,0.0929,0.0553,183,9,8,0,2,1,partially_open
6,0.2444,0.0472,180,27,17,0,2,1,closed
13,0.2405,0.0758,158,21,17,0,2,0,partially_open
6,0.2062,0.0351,194,21,19,0,2,0,fully_open
8,0.4455,0.0948,101,25,20,0.6667,2,0,fully_open
13,0.0463,0.0472,259,6,6,0.6667,3,1,fully_open
7,0.2821,0.0789,117,18,15,0.3333,2,1,closed
7,0.1629,0.0514,178,15,14,0.3333,2,0,fully_open
7,0.0259,0.0232,309,4,4,0.3333,3,1,fully_open
7,0.063,0.0685,127,4,4,0,2,1,fully_open
16,0.0553,0.0583,217,6,6,0.3333,3,1,partially_open
15,0.1105,0.1005,190,13,8,0.3333,2,1,fully_open
4,0.1954,0.0369,174,21,13,0.3333,2,1,fully_open
10,0.4815,0.1881,54,13,13,0,1,0,partially_open
14,0.1958,0.1086,143,15,13,0,2,1,partially_open
9,0.1887,0.0744,159,15,15,0,2,1,partially_open
20,0.1084,0.0746,249,15,12,1,3,1,partially_open
8,0.2808,0.0568,146,23,18,0.3333,2,0,fully_open
13,0.1102,0.0514,236,14,12,0.3333,3,1,fully_open
14,0.1089,0.0616,202,11,11,0,2,1,fully_open
6,0.0561,0.0165,303,9,8,0,3,0,fully_open
11,0.1923,0.0962,104,11,9,0,2,1,fully_open
6,0.1714,0.0671,105,11,7,0,2,1,fully_open
13,0.1467,0.0757,150,11,11,0,2,1,partially_open
10,0.1229,0.0602,236,15,14,0.3333,3,1,fully_open
6,0.0586,0.0252,273,8,8,0,3,1,closed
9,0.1921,0.0585,151,16,13,0,2,1,closed
14,0.197,0.0809,198,22,17,0,2,1,fully_open
8,0.1538,0.0328,234,19,17,0.6667,3,1,partially_open
6,0.1497,0.0449,167,14,11,0.3333,2,0,closed
11,0.1466,0.0492,266,22,17,0,3,0,partially_open
7,0.3407,0.0701,91,17,14,0,2,0,partially_open
9,0.1519,0.0513,237,21,15,0,3,1,partially_open
18,0.1375,0.0807,240,18,15,0,3,1,fully_open
9,0.2529,0.0569,174,23,21,0.3333,2,1,fully_open
19,0.2205,0.12,195,25,18,0.3333,2,1,partially_open
9,0.0603,0.0566,199,6,6,0,2,1,fully_open
10,0.1102,0.047,236,17,9,0,3,1,closed
9,0.3072,0.0671,153,28,19,0,2,1,fully_open
11,0.2365,0.0744,148,18,17,0.6667,2,1,partially_open
11,0.3566,0.075,129,27,19,0.3333,2,1,partially_open
10,0.1039,0.0544,231,14,10,0.3333,3,1,closed
11,0.1421,0.0466,197,15,13,0.3333,2,1,partially_open
14,0.1438,0.1048,146,13,8,0.3333,2,0,partially_open
11,0.1722,0.0794,151,14,12,0,2,0,fully_open
10,0.1863,0.065,161,17,13,0,2,1,fully_open
10,0.1232,0.0533,211,17,9,0,2,0,fully_open
11,0.0926,0.0694,162,8,7,1,2,1,partially_open
7,0.2364,0.0574,110,14,12,0.6667,2,1,partially_open
5,0.08,0.0337,200,8,8,0.6667,2,1,partially_open
12,0.062,0.0512,274,9,8,0.3333,3,0,fully_open
12,0.1711,0.0612,187,16,16,0,2,1,closed
14,0.226,0.103,146,20,13,0,2,0,partially_open
18,0.1007,0.0669,268,15,12,0,3,1,fully_open
12,0.1442,0.0557,208,16,14,0,3,1,closed
8,0.1055,0.0457,199,11,10,0.6667,2,1,partially_open
9,0.1351,0.0516,185,14,11,0.3333,2,1,closed
12,0.1337,0.0654,172,13,10,0,2,0,partially_open
6,0.1733,0.0385,202,20,15,0,2,0,partially_open
19,0.0681,0.0439,367,14,11,0,3,1,fully_open
16,0.1308,0.083,237,17,14,0.3333,3,1,partially_open
15,0.2168,0.1002,143,17,14,0,2,1,fully_open
8,0.1172,0.0432,256,15,15,0,3,1,fully_open
8,0.1857,0.0574,140,13,13,0.3333,2,1,fully_open
10,0.1753,0.0605,194,18,16,0.3333,2,1,closed
9,0.1731,0.0439,208,18,18,0,2,1,fully_open
13,0.1351,0.0396,296,20,20,0,3,1,fully_open
6,0.1116,0.0292,215,15,9,0,3,0,partially_open
7,0.0897,0.039,234,13,8,0.3333,3,1,closed
13,0.2155,0.0844,181,21,18,0.3333,2,1,fully_open
15,0.2517,0.1254,143,21,15,0.3333,2,1,fully_open
11,0.3333,0.1066,114,22,16,0.3333,2,0,fully_open
8,0.0727,0.0375,220,8,8,0,3,1,partially_open
12,0.2516,0.0716,155,21,18,0,2,0,fully_open
9,0.0633,0.0375,237,8,7,0,3,0,partially_open
7,0.2049,0.069,122,14,11,0,2,1,fully_open
10,0.2209,0.058,172,24,14,0,2,1,fully_open
12,0.1163,0.0507,258,15,15,0,3,1,partially_open
9,0.0691,0.0469,217,8,7,0.3333,2,0,partially_open
16,0.1103,0.0571,272,17,13,0.3333,3,1,closed
18,0.1422,0.0954,204,15,14,0.3333,2,1,fully_open
7,0.1544,0.0528,149,13,10,0,2,1,closed
9,0.1739,0.07,138,13,11,0,2,1,partially_open
5,0.2222,0.0205,198,26,18,0,2,1,closed
12,0.0933,0.0918,150,7,7,0.6667,2,1,partially_open
17,0.1131,0.0864,221,14,11,0.3333,3,1,fully_open
10,0.1586,0.08,145,12,11,0,2,1,closed
8,0.1574,0.048,216,18,16,0,3,0,fully_open
16,0.2009,0.0865,219,26,18,0,2,0,partially_open
12,0.096,0.0677,198,11,8,0.6667,2,1,fully_open
13,0.2248,0.108,129,16,13,0,2,1,partially_open
8,0.0929,0.0459,183,10,7,0,2,0,fully_open
9,0.0441,0.0484,227,5,5,0,3,1,partially_open
4,0.05,0.0182,200,6,4,0.6667,2,1,partially_open
15,0.0323,0.0667,248,4,4,0.6667,3,1,fully_open
6,0.1212,0.0356,165,11,9,0.3333,2,1,partially_open
7,0.1156,0.0304,199,12,11,0.3333,2,1,partially_open
8,0.1097,0.0396,237,14,12,0,3,1,partially_open
9,0.1173,0.0748,196,13,10,0,2,1,closed
11,0.1852,0.1165,135,13,12,0,2,1,partially_open
15,0.1333,0.0944,180,12,12,0,2,1,fully_open
11,0.0702,0.0502,242,9,8,0.6667,3,1,closed
13,0.1451,0.0836,193,16,12,0.3333,2,1,partially_open
11,0.1953,0.0563,215,22,20,0.3333,2,1,partially_open
9,0.1429,0.0541,182,15,11,0,2,1,fully_open
6,0.1006,0.0425,159,8,8,0,2,1,partially_open
13,0.3172,0.0889,145,26,20,0.3333,2,1,fully_open
13,0.172,0.0861,157,16,11,0.3333,2,1,fully_open
6,0.1292,0.0335,240,17,14,0,3,0,closed
10,0.1115,0.0335,269,16,14,0,3,1,partially_open
9,0.1146,0.0533,192,11,11,0,2,1,fully_open
9,0.177,0.0326,243,26,17,0.3333,3,1,fully_open
10,0.1579,0.0414,209,18,15,0,2,0,closed
13,0.0893,0.041,347,16,15,0,3,1,fully_open
14,0.1772,0.0926,158,16,12,0,2,1,partially_open
6,0.1437,0.0429,167,14,10,0,2,1,partially_open
7,0.1179,0.0516,195,13,10,0,2,1,closed
9,0.1905,0.0484,210,22,18,0,3,1,closed
11,0.1128,0.0476,195,12,10,0,2,0,partially_open
6,0.1328,0.0314,241,16,16,0,3,1,closed
12,0.087,0.0425,322,16,12,0,3,1,fully_open
7,0.21,0.0679,100,12,9,0,2,1,fully_open
9,0.1213,0.0331,239,19,10,0.6667,3,1,closed
17,0.0975,0.0639,236,12,11,0.6667,3,0,partially_open
17,0.1749,0.1043,183,18,14,0.3333,2,1,fully_open
5,0.6286,0.1573,35,13,9,0.3333,1,1,closed
19,1.9333,0.9032,15,15,14,0.3333,1,1,fully_open
10,0.0683,0.0275,410,15,13,0,3,1,partially_open
10,0.2455,0.0694,167,24,17,0,2,0,partially_open
14,0.1706,0.122,170,18,11,0.3333,2,1,closed
11,0.2,0.0711,165,18,15,0,2,1,partially_open
8,0.0918,0.0422,196,9,9,0.6667,2,0,closed
12,0.8,0.4766,30,14,10,0,1,1,closed
11,0.1336,0.0463,262,20,15,0,3,1,fully_open
15,0.1465,0.0816,157,12,11,0.6667,2,0,closed
9,0.0757,0.0567,185,8,6,0.6667,2,1,partially_open
7,0.125,0.0359,184,13,10,0.3333,2,1,partially_open
9,0.3065,0.087,124,22,16,0.3333,2,1,fully_open
12,0.1872,0.0746,187,22,13,0.3333,2,1,partially_open
7,0.1106,0.0386,208,14,9,0.3333,3,1,fully_open
17,0.0978,0.1052,184,10,8,0.3333,2,1,fully_open
3,0.1701,0.0192,241,24,17,0,3,0,closed
14,0.2327,0.0778,202,28,19,0,2,1,partially_open
9,0.088,0.0394,250,12,10,0,3,1,fully_open
17,0.1687,0.119,166,15,13,0.3333,2,1,fully_open
18,0.0806,0.0944,211,9,8,0,2,0,closed
16,0.1225,0.0611,253,17,14,0,3,1,fully_open
3,0.0854,0.0184,199,11,6,0,3,1,closed
12,0.28,0.0892,150,24,18,0,2,1,fully_open
15,0.212,0.0772,184,21,18,0,2,1,closed
11,0.0596,0.0521,235,7,7,0,2,1,fully_open
8,0.1971,0.0776,137,14,13,1,2,1,partially_open
3,0.0933,0.0149,225,13,8,0.3333,3,1,closed
10,0.191,0.045,199,21,17,0.3333,2,0,fully_open
11,0.1462,0.0555,212,19,12,0.3333,3,0,closed
12,0.2031,0.0584,192,23,16,0.3333,3,1,closed
4,0.1164,0.0185,189,12,10,0.3333,2,1,partially_open
15,0.1447,0.0967,152,12,10,0.3333,2,0,fully_open
7,0.2036,0.033,221,26,19,0.3333,3,0,fully_open
15,0.0966,0.0523,290,17,11,0.3333,3,0,fully_open
9,0.159,0.0455,195,23,8,0,2,1,partially_open
10,0.1813,0.0581,193,19,16,0,2,1,fully_open
10,0.1652,0.0466,224,21,16,0,3,0,partially_open
10,0.2585,0.0765,147,22,16,0,2,0,fully_open
9,0.0681,0.0372,235,9,7,0.6667,3,0,closed
8,0.1538,0.0495,156,14,10,0.3333,2,1,closed
20,0.149,0.0592,302,25,20,0,3,1,fully_open
12,0.0817,0.0335,404,18,15,0.6667,3,1,fully_open
13,0.2078,0.0859,154,18,14,0.3333,2,1,fully_open
9,0.2596,0.1044,104,15,12,0.3333,2,0,partially_open
15,0.1964,0.1052,168,18,15,0,2,1,fully_open
12,0.1082,0.0501,268,18,11,0,3,1,closed
6,0.3077,0.3011,26,4,4,0,1,1,partially_open
10,0.0398,0.0377,251,5,5,1,3,1,fully_open
7,0.15,0.0682,120,10,8,0.6667,2,1,fully_open
4,0.129,0.0308,155,11,9,0.3333,2,0,partially_open
20,0.1526,0.1021,190,17,12,0.3333,2,1,fully_open
13,0.0956,0.0469,293,17,11,0,3,1,fully_open
10,0.2824,0.0859,131,23,14,0,2,1,fully_open
8,0.2443,0.0787,131,18,14,0,2,1,fully_open
14,0.1379,0.0644,232,19,13,0,3,0,closed
7,0.1624,0.0417,197,18,14,0.6667,3,1,partially_open
6,0.1522,0.0342,230,18,17,0.6667,3,1,partially_open
14,0.1127,0.0653,213,13,11,0.3333,2,1,fully_open
9,0.1603,0.0627,156,14,11,0.3333,2,1,closed
10,0.1847,0.0483,222,26,15,0,3,0,closed
11,0.22,0.0658,200,28,16,0,2,0,fully_open
9,0.2368,0.095,114,17,10,0,2,1,fully_open
14,0.1394,0.0732,208,15,14,0,2,1,partially_open
15,0.08,0.0659,200,10,6,0,3,1,fully_open
9,0.2941,0.0663,119,19,16,0,2,1,partially_open
10,0.2893,0.0559,159,27,19,0.6667,2,1,fully_open
11,0.1509,0.0867,159,13,11,0.3333,2,1,closed
9,0.1193,0.0552,176,12,9,0.3333,2,0,fully_open
10,0.1157,0.0328,242,14,14,0.3333,3,1,fully_open
10,0.0936,0.0391,267,14,11,0,3,1,partially_open
9,0.0794,0.0432,252,10,10,0,3,1,fully_open
8,0.0724,0.045,221,8,8,0.6667,3,0,partially_open
11,0.1304,0.0503,253,18,15,0.3333,3,1,closed
14,0.1235,0.0648,251,18,13,0,3,1,partially_open
10,0.2035,0.0693,172,18,17,0,2,1,closed
12,0.10780000000000001,0.0705,204,12,10,0,2,1,fully_open
11,0.2308,0.1191,117,14,13,0,2,1,fully_open
10,0.1198,0.0296,359,23,20,1,3,1,partially_open
10,0.1348,0.0402,267,20,16,0.3333,3,1,fully_open
6,0.2906,0.0524,117,19,15,0,2,0,closed
14,0.14,0.0954,150,11,10,0,2,0,partially_open
8,0.1169,0.0417,231,15,12,0.6667,3,1,fully_open
13,0.1182,0.0651,203,13,11,0.3333,2,1,partially_open
10,0.4133,0.1366,75,17,14,0.3333,2,1,partially_open
10,0.1263,0.0629,190,14,10,0,2,1,fully_open
6,0.2531,0.0478,162,22,19,0,2,0,partially_open
12,0.1467,0.0949,150,12,10,0,2,1,fully_open
16,0.1414,0.0884,198,16,12,0,2,1,closed
16,0.1022,0.0766,225,13,10,0,3,1,fully_open
14,0.2222,0.1031,135,19,11,0.6667,2,1,fully_open
9,0.2541,0.0863,122,17,14,0.3333,2,1,partially_open
7,0.0687,0.0255,291,10,10,0.3333,3,1,fully_open
9,0.1812,0.0838,138,15,10,0,2,1,fully_open
11,0.1658,0.068,187,17,14,0,2,1,partially_open
19,0.1033,0.0608,300,18,13,0.6667,3,1,fully_open
9,0.1523,0.038,243,23,14,0.3333,3,1,fully_open
16,0.255,0.10780000000000001,149,22,16,0.3333,2,0,partially_open
10,0.1812,0.0868,149,15,12,0.3333,2,1,fully_open
9,0.05,0.0418,200,5,5,0,2,1,fully_open
14,0.1333,0.0894,150,10,10,0,2,1,partially_open
12,0.2308,0.0701,156,22,14,0,2,1,closed
14,0.141,0.0652,227,18,14,0,3,1,fully_open
10,0.0697,0.0505,201,7,7,0.3333,2,1,partially_open
16,0.1181,0.1373,144,9,8,0.3333,2,1,partially_open
11,0.1788,0.0912,151,17,10,0.3333,2,1,fully_open
6,0.1339,0.0304,224,18,12,0.3333,3,1,closed
10,0.1529,0.0656,157,12,12,0.3333,2,0,fully_open
10,0.2963,0.089,108,18,14,0,2,1,partially_open
6,0.3103,0.066,116,19,17,0,2,1,closed
9,0.12,0.0689,150,9,9,0,2,1,closed
14,0.1857,0.0598,237,25,19,0,3,0,partially_open
13,0.099,0.055,192,10,9,0.6667,2,1,fully_open
8,0.0705,0.0417,227,8,8,0.3333,3,1,fully_open
14,0.0541,0.0802,185,5,5,0.3333,2,1,fully_open
12,0.2362,0.0562,199,27,20,0.3333,2,1,fully_open
20,0.1508,0.0936,252,20,18,0,3,1,fully_open
9,0.0944,0.049,180,9,8,0,2,1,partially_open
7,0.1616,0.0468,198,17,15,0.6667,3,1,partially_open
8,0.1367,0.0839,139,11,8,0.3333,2,1,closed
9,0.1105,0.0527,181,11,9,0.3333,2,1,partially_open
4,0.0955,0.012,335,17,15,0,3,0,closed
8,0.1756,0.0399,205,20,16,0,2,0,partially_open
9,0.1224,0.0493,196,13,11,0,2,1,fully_open
10,0.2593,0.0971,108,16,12,0,2,1,partially_open
13,0.1289,0.0737,194,14,11,0,3,1,fully_open
9,0.1343,0.0709,134,9,9,0,2,1,fully_open
8,0.21,0.0428,200,25,17,0.6667,2,1,partially_open
9,0.0911,0.0218,384,21,14,0.3333,3,1,partially_open
7,0.3579,0.0734,95,20,14,0.3333,2,1,fully_open
6,0.1973,0.0428,147,16,13,0.3333,2,0,fully_open
15,0.1558,0.0921,199,17,14,0,2,1,closed
9,0.1712,0.0683,146,16,9,0,2,0,closed
6,0.2324,0.0434,142,18,15,0,2,1,closed
13,0.1439,0.1088,139,11,9,0,2,0,partially_open
16,0.1025,0.0688,244,14,11,0,3,1,fully_open
9,0.2578,0.0844,128,19,14,0,2,1,closed
16,0.1212,0.0712,231,16,12,0,3,1,partially_open
8,0.1138,0.0467,246,17,11,0,3,1,fully_open
15,0.0726,0.0789,179,7,6,0.6667,2,1,fully_open
6,0.3154,0.0549,130,22,19,0.6667,2,0,partially_open
5,0.213,0.0398,169,19,17,0.3333,2,0,fully_open
9,0.146,0.0558,137,10,10,0,2,1,closed
13,0.2677,0.0744,198,28,25,0,2,1,closed
14,0.1735,0.0984,196,19,15,0,2,1,partially_open
12,0.1388,0.0382,317,22,22,0.3333,3,1,partially_open
12,0.081,0.0442,247,11,9,0.3333,3,0,fully_open
12,0.2061,0.0866,131,16,11,0,2,1,fully_open
10,0.0885,0.0381,260,14,9,0,3,1,fully_open
9,0.1077,0.0566,195,12,9,0,3,0,partially_open
10,0.2013,0.0632,159,17,15,0.6667,2,1,partially_open
13,0.0598,0.0721,184,6,5,0.6667,2,1,fully_open
17,0.1348,0.0783,230,18,13,0.3333,3,1,fully_open
24,0.1111,0.13,198,13,9,0.3333,2,1,fully_open
8,0.197,0.0553,198,23,16,0.3333,2,0,fully_open
20,0.1212,0.0823,264,18,14,0.3333,3,1,partially_open
15,0.25,0.0921,148,19,18,0,2,1,fully_open
10,0.12,0.0447,200,13,11,0,2,1,partially_open
15,0.2204,0.0836,186,24,17,0,2,0,closed
9,0.3714,0.0945,105,22,17,0,2,1,partially_open
16,0.2064,0.0822,218,25,20,0,3,1,closed
15,0.0655,0.0684,229,8,7,0.6667,3,1,fully_open
17,0.0418,0.0834,239,5,5,0.3333,3,1,fully_open
13,0.0423,0.0326,449,11,8,0.3333,3,0,fully_open
11,0.0612,0.0456,294,10,8,0.3333,3,1,fully_open
7,0.3043,0.0753,115,20,15,0,2,1,partially_open
14,0.1282,0.049,273,19,16,0.3333,3,1,fully_open
13,0.1691,0.0823,136,13,10,0.3333,2,1,partially_open
16,0.0647,0.0512,340,12,10,0.3333,3,0,fully_open
8,0.4286,0.1156,77,20,13,0,2,0,partially_open
12,1.8,0.6752,15,14,13,0,1,1,partially_open
8,0.0326,0.045,184,3,3,0,2,1,closed
4,0.2719,0.0458,114,16,15,0,2,1,partially_open
7,0.1894,0.0615,132,14,11,0,2,1,closed
9,0.0799,0.0328,313,13,12,0,3,1,fully_open
15,0.1199,0.0701,267,18,14,0.3333,3,1,partially_open
12,0.0729,0.0414,247,9,9,0.3333,3,1,partially_open
14,0.1111,0.0898,153,9,8,0.3333,2,1,fully_open
10,0.1198,0.0487,217,13,13,0.3333,3,1,partially_open
8,0.1789,0.0411,218,22,17,0,3,0,partially_open
7,0.2345,0.0527,145,20,14,0,2,0,fully_open
12,0.1397,0.0679,179,14,11,0,2,1,partially_open
11,0.15310000000000001,0.0615,196,18,12,0.3333,2,1,partially_open
10,0.0761,0.0618,184,7,7,0.3333,2,0,fully_open
15,0.2044,0.0921,181,21,16,0.3333,2,1,partially_open
14,0.0694,0.0758,173,8,4,0.3333,2,1,fully_open
11,0.0842,0.0594,273,13,10,0,3,1,partially_open
17,0.1884,0.1015,207,22,17,0,3,1,fully_open
21,0.09,0.052,389,20,15,0,3,1,partially_open
9,0.2,0.0527,195,24,15,0,2,1,partially_open
6,0.3014,0.05,146,24,20,0,2,1,partially_open
19,0.127,0.0989,189,14,10,0,2,1,fully_open
18,0.2222,0.1085,162,21,15,0,2,1,closed
14,0.1295,0.0694,193,14,11,0,2,1,fully_open
7,0.2302,0.0638,139,18,14,0.6667,2,1,partially_open
12,0.0809,0.04,346,14,14,0.3333,3,1,fully_open
17,0.0984,0.0814,244,13,11,0.3333,3,1,partially_open
14,0.1449,0.1209,138,12,8,0.3333,2,1,fully_open
4,0.1569,0.0373,153,13,11,0.3333,2,1,closed
13,0.1331,0.0516,248,18,15,0,3,1,fully_open
11,0.2202,0.0729,168,21,16,0,2,1,fully_open
12,0.1168,0.0591,197,12,11,0.6667,2,1,partially_open
3,0.2222,0.0311,144,17,15,0.3333,2,1,fully_open
15,0.1327,0.0728,196,14,12,0.3333,2,1,partially_open
9,0.1227,0.0687,163,10,10,0,2,1,fully_open
7,0.086,0.0422,221,10,9,0,3,0,closed
9,0.1577,0.0487,241,20,18,0,3,1,closed
10,0.0917,0.0557,218,12,8,0.3333,3,1,fully_open
22,0.1979,0.1537,192,22,16,0.3333,2,1,partially_open
7,0.1897,0.0667,116,12,10,0.3333,2,1,fully_open
3,0.1206,0.0175,199,14,10,0.3333,2,1,partially_open
16,0.1059,0.0664,255,16,11,0.3333,3,1,fully_open
15,0.1224,0.0697,237,17,12,0,3,1,closed
17,0.102,0.0701,245,14,11,0,3,1,partially_open
11,0.2038,0.0827,157,17,15,0,2,1,partially_open
11,0.9787,0.2451,47,27,19,0,1,1,closed
11,0.184,0.0823,163,16,14,0,2,1,fully_open
10,0.1722,0.0622,151,14,12,0.3333,2,0,partially_open
9,0.0859,0.0666,163,7,7,0,2,1,fully_open
17,0.1235,0.1198,170,12,9,0,2,1,fully_open
15,0.2117,0.0596,222,28,19,0,2,1,partially_open
9,0.16,0.0621,200,19,13,0,2,0,partially_open
10,0.382,0.1278,89,20,14,0,2,1,closed
4,0.2239,0.0396,134,16,14,0.3333,2,0,fully_open
13,0.0361,0.0817,166,3,3,0.3333,2,1,partially_open
10,0.0838,0.0302,394,18,15,0.3333,3,1,partially_open
12,0.1031,0.0661,194,12,8,0.3333,3,1,closed
6,0.0718,0.0432,209,8,7,0,2,1,closed
5,0.3077,0.0526,104,19,13,0,2,1,closed
8,0.1481,0.0582,135,11,9,0,2,1,fully_open
12,0.0704,0.0464,270,11,8,0.6667,3,0,fully_open
13,0.1488,0.1164,121,10,8,0.3333,2,1,partially_open
6,0.0897,0.0302,223,11,9,0.3333,3,0,partially_open
13,0.0676,0.0664,222,8,7,0.3333,3,1,fully_open
9,0.055,0.0661,200,6,5,0,2,1,partially_open
11,0.2455,0.0665,167,22,19,0,2,1,partially_open
10,0.2365,0.0851,148,21,14,0,2,0,closed
11,0.0711,0.0517,225,8,8,0.3333,3,1,partially_open
13,0.0826,0.0377,339,16,12,0.3333,3,0,closed
9,0.1166,0.062,163,11,8,0,2,1,fully_open
10,0.1468,0.0837,109,10,6,0,2,0,partially_open
12,0.1129,0.0795,186,11,10,0,2,1,fully_open
4,0.087,0.0379,184,8,8,0,2,1,closed
8,0.0374,0.0892,107,2,2,0,2,1,fully_open
15,0.0817,0.0694,208,9,8,0.6667,3,0,closed
8,0.1639,0.0485,183,18,12,0.3333,2,1,fully_open
12,0.2126,0.0896,127,14,13,0.3333,2,1,partially_open
13,0.1343,0.0675,216,17,12,0.3333,3,1,closed
23,0.1867,0.1903,150,15,13,0,2,1,fully_open
15,0.18,0.1135,150,16,11,0,2,1,partially_open
9,0.122,0.0581,164,11,9,0,2,0,partially_open
11,0.1739,0.0872,161,15,13,0.3333,2,1,fully_open
13,0.2159,0.061,176,21,17,0.3333,2,1,partially_open
9,0.2639,0.0663,144,19,19,0.3333,2,0,fully_open
13,0.1535,0.074,215,19,14,0.3333,2,1,partially_open
5,0.1585,0.0257,183,18,11,0.3333,2,0,fully_open
18,0.084,0.0806,238,10,10,0.3333,3,1,fully_open
13,0.1141,0.0529,263,15,15,0,3,1,fully_open
12,0.1698,0.0811,159,15,12,0,2,1,fully_open
6,0.1411,0.0426,163,12,11,0,2,1,closed
7,0.1607,0.0461,168,15,12,0,2,1,closed
14,0.0673,0.0472,312,12,9,0,3,1,closed
10,0.0931,0.0654,204,10,9,0,3,1,closed
10,0.053,0.029,302,8,8,0,3,1,fully_open
12,0.0723,0.0526,249,10,8,0.6667,3,1,fully_open
10,0.2756,0.08,156,23,20,0,2,1,fully_open
14,0.0482,0.0404,332,8,8,0,3,1,closed
12,0.0536,0.0441,280,8,7,0,3,0,partially_open
10,0.1783,0.0576,230,26,15,0.3333,3,1,fully_open
4,0.2403,0.0421,129,17,14,0.3333,2,0,partially_open
8,0.1391,0.0366,230,16,16,0.3333,3,1,closed
12,0.1049,0.0482,267,17,11,0,3,1,fully_open
15,0.119,0.0818,210,15,10,0,3,0,closed
10,0.0776,0.0529,219,9,8,0,2,1,partially_open
11,0.0949,0.0528,253,12,12,0,3,1,partially_open
10,0.2372,0.0658,156,21,16,0.6667,2,1,fully_open
16,0.1901,0.1015,142,14,13,0.6667,2,1,fully_open
6,0.1401,0.0411,157,12,10,0.3333,2,1,partially_open
15,0.0847,0.0688,189,8,8,0.3333,2,1,partially_open
10,0.1899,0.0499,179,21,13,0.3333,2,1,partially_open
11,0.2421,0.1304,95,12,11,0,2,1,closed
16,0.1295,0.0736,193,13,12,0,2,1,fully_open
15,0.072,0.0453,389,16,12,0,3,1,closed
13,0.1773,0.085,141,15,10,0,2,1,fully_open
11,0.1895,0.0664,190,21,15,0,2,1,fully_open
7,0.0888,0.0382,214,10,9,0,3,1,closed
8,0.1154,0.0537,182,11,10,0,2,0,partially_open
9,0.1739,0.0702,161,15,13,0,2,1,fully_open
17,0.2293,0.0984,157,20,16,0,2,1,partially_open
14,0.119,0.0976,168,11,9,0.6667,2,1,partially_open
8,0.2909,0.0998,110,17,15,0.6667,2,1,closed
3,0.132,0.0232,250,17,16,0.3333,3,1,partially_open
21,0.2816,0.1233,174,28,21,0.3333,2,1,partially_open
6,0.1317,0.0394,205,20,7,0,2,1,closed
14,0.10780000000000001,0.0704,232,13,12,0,3,1,fully_open
5,0.0933,0.0201,375,19,16,0,3,0,partially_open
15,0.1296,0.0654,247,18,14,0,3,1,fully_open
18,0.1579,0.0912,190,18,12,0,2,0,partially_open
9,0.066,0.0572,212,7,7,0.3333,3,0,closed
10,0.097,0.0541,237,14,9,0.3333,3,1,closed
9,0.1261,0.0441,230,17,12,0.3333,3,1,fully_open
13,0.1315,0.0417,327,23,20,0.3333,3,1,fully_open
9,0.1969,0.0464,193,20,18,0.3333,2,1,fully_open
11,0.0432,0.0383,324,7,7,0.3333,3,1,partially_open
9,0.0942,0.0447,191,10,8,0.3333,2,1,closed
11,0.0983,0.0496,234,13,10,0,3,1,closed
19,0.0925,0.103,173,8,8,0,2,1,fully_open
9,0.0734,0.0472,218,8,8,0.6667,3,1,partially_open
20,0.1477,0.1266,149,12,10,0.6667,2,1,fully_open
14,0.1649,0.0753,194,17,15,0.3333,2,1,closed
14,0.1572,0.0711,229,20,16,0.3333,2,1,fully_open
12,0.1984,0.0511,252,29,21,0.3333,3,1,fully_open
8,0.105,0.0456,200,11,10,0,2,1,partially_open
3,0.3404,0.0271,94,17,15,0,2,0,closed
10,0.1864,0.0652,177,18,15,0,2,0,fully_open
10,0.3506,0.1057,77,14,13,0,2,1,partially_open
11,0.1156,0.0446,294,19,15,0.6667,3,1,partially_open
20,0.1342,0.1465,149,10,10,0.6667,2,1,closed
16,0.0749,0.0809,227,9,8,0.3333,2,1,partially_open
11,0.2131,0.0997,122,15,11,0.3333,2,1,fully_open
12,0.1935,0.1159,93,10,8,0.3333,2,1,partially_open
12,0.1494,0.0515,174,13,13,0,2,1,partially_open
7,0.1528,0.0333,216,20,13,0,3,0,partially_open
9,0.126,0.0384,246,18,13,0.6667,3,1,fully_open
9,0.0749,0.0399,227,9,8,0.6667,3,1,closed
17,0.0403,0.0683,248,6,4,0.6667,3,1,fully_open
10,0.1429,0.0507,231,18,15,0.3333,3,1,fully_open
14,0.1026,0.0744,195,11,9,0.3333,2,1,closed
15,0.1875,0.0806,208,23,16,0,2,0,partially_open
7,0.141,0.0618,156,12,10,0,2,0,closed
11,0.0737,0.0365,312,12,11,0,3,1,fully_open
11,0.1176,0.0482,238,18,10,0.3333,3,1,closed
11,0.1353,0.0614,170,12,11,0.3333,2,1,fully_open
14,0.0473,0.0431,402,12,7,0.3333,3,1,partially_open
8,0.1929,0.0517,140,14,13,0.3333,2,1,fully_open
10,0.2017,0.0767,119,14,10,0.3333,2,1,partially_open
16,0.1103,0.0573,272,17,13,0.3333,3,0,closed
10,0.161,0.0466,205,21,12,0.3333,2,0,fully_open
13,0.1579,0.0807,209,18,15,0,2,1,fully_open
15,0.1165,0.0824,206,13,11,0,3,1,closed
9,0.1507,0.0587,146,11,11,0,2,0,fully_open
8,0.0602,0.0299,349,12,9,0,3,0,closed
12,0.1357,0.0818,199,14,13,0,3,1,closed
10,0.0905,0.0497,221,11,9,0,3,1,closed
13,0.2065,0.0763,155,18,14,0,2,1,partially_open
5,0.145,0.0316,200,16,13,0,2,1,closed
14,0.4464,0.252,56,14,11,0.6667,1,0,partially_open
9,0.1341,0.0598,179,13,11,0.3333,2,1,closed
16,0.1667,0.084,198,25,8,0,2,0,partially_open
6,0.096,0.0172,323,19,12,0,3,1,partially_open
12,0.1648,0.0785,182,17,13,0,2,1,closed
14,0.1529,0.0818,170,16,10,0.6667,2,1,partially_open
12,0.0851,0.0324,388,19,14,0.6667,3,0,partially_open
9,0.2083,0.0636,144,15,15,0.6667,2,1,partially_open
13,0.1386,0.0946,166,13,10,0.3333,2,1,fully_open
5,0.1388,0.0303,245,20,14,0.3333,3,0,closed
8,0.2654,0.0646,162,24,19,0.3333,2,1,fully_open
10,0.1786,0.0843,140,14,11,0,2,1,fully_open
8,0.1359,0.0699,184,16,9,0,2,1,fully_open
14,0.1325,0.0614,249,17,16,0,3,1,fully_open
6,0.252,0.0561,123,18,13,0,2,1,fully_open
7,0.1359,0.0465,184,15,10,0.3333,2,1,fully_open
8,0.2381,0.0854,126,17,13,0,2,1,fully_open
12,0.2752,0.0953,149,22,19,0,2,1,closed
7,0.1298,0.0381,208,16,11,0,2,1,closed
7,0.1678,0.0614,143,12,12,0,2,1,fully_open
15,0.0757,0.0709,251,10,9,0,3,1,closed
14,0.1573,0.0921,178,16,12,0.6667,2,1,closed
9,0.3413,0.0741,126,23,20,0.3333,2,0,closed
15,0.1606,0.0862,193,19,12,0.3333,2,1,fully_open
12,0.1707,0.0752,164,16,12,0.3333,2,1,fully_open
8,0.2368,0.0443,152,19,17,0.3333,2,0,partially_open
15,0.0796,0.0758,226,10,8,0.3333,3,1,closed
17,0.1494,0.0732,261,22,17,0,3,1,closed
14,0.28,0.1279,150,24,18,0,2,1,fully_open
9,0.2222,0.1013,117,13,13,0,2,1,closed
8,0.1649,0.0441,188,19,12,0,2,1,partially_open
12,0.1079,0.0454,241,14,12,0.6667,3,1,partially_open
10,0.0505,0.0592,198,5,5,0.6667,3,1,fully_open
15,0.1718,0.0855,163,15,13,0.3333,2,1,fully_open
9,0.1385,0.0412,231,17,15,0.3333,3,1,partially_open
13,0.1965,0.0746,173,20,14,0,2,1,fully_open
6,0.2133,0.1017,75,9,7,0,2,0,fully_open
7,0.2,0.0374,155,18,13,0,2,1,fully_open
14,0.1085,0.047,212,12,11,0,2,0,partially_open
15,0.2672,0.1293,131,18,17,0,2,1,closed
12,0.0827,0.049,266,11,11,0,3,1,closed
4,0.2051,0.0282,156,18,14,0,2,0,partially_open
9,0.1179,0.055,195,12,11,0.6667,2,1,partially_open
14,0.0617,0.0422,389,13,11,0.6667,3,0,partially_open
11,0.1893,0.0641,169,19,13,0.3333,2,0,closed
6,0.0508,0.0896,118,3,3,0.3333,2,1,fully_open
15,0.0584,0.0417,445,15,11,0.3333,3,1,fully_open
7,0.3036,0.0735,112,18,16,0.3333,2,1,fully_open
14,0.2378,0.0988,143,21,13,0.3333,2,1,fully_open
8,0.1867,0.0579,166,23,8,0,2,1,partially_open
20,0.1616,0.10780000000000001,198,18,14,0,2,1,partially_open
15,0.1366,0.0936,161,11,11,0,2,1,partially_open
11,0.2303,0.0562,178,22,19,0,2,1,closed
6,0.224,0.0302,192,24,19,0,2,1,fully_open
18,0.0731,0.0769,260,10,9,0,3,1,fully_open
14,0.0885,0.0661,226,10,10,0,3,0,closed
13,0.092,0.0723,174,8,8,0.6667,2,1,closed
9,0.0671,0.0354,313,11,10,0.3333,3,1,fully_open
10,0.1809,0.0606,188,20,14,0.3333,2,0,fully_open
14,0.1016,0.0726,187,10,9,0.3333,2,1,fully_open
6,0.1925,0.0372,187,22,14,0.3333,2,0,partially_open
11,0.0838,0.059,191,8,8,0.3333,2,1,fully_open
9,0.1892,0.061,148,14,14,0,2,1,fully_open
13,0.1286,0.1019,140,10,8,0,2,1,partially_open
12,0.2568,0.0817,148,20,18,0,2,1,closed
7,0.3846,0.0728,104,23,17,0,2,1,fully_open
8,0.1604,0.0476,212,19,15,0,2,0,fully_open
8,0.0925,0.045,227,11,10,0,3,0,closed
14,0.1667,0.104,150,13,12,0.6667,2,1,fully_open
11,0.1786,0.0592,196,20,15,0.3333,2,1,fully_open
7,0.1105,0.0407,181,11,9,0.3333,2,1,partially_open
13,0.4242,0.1599,99,24,18,0.3333,2,1,closed
13,0.1597,0.0636,238,20,18,0,3,1,closed
12,0.312,0.1041,125,22,17,0,2,0,closed
8,0.1364,0.0432,198,15,12,0.3333,2,1,fully_open
13,0.1445,0.0777,173,13,12,0.3333,2,0,fully_open
15,0.2177,0.1112,147,18,14,0.3333,2,1,partially_open
10,0.1898,0.035,295,33,23,0,3,0,closed
11,0.1759,0.0582,199,21,14,0,2,1,partially_open
8,0.1905,0.0827,105,11,9,0,2,0,partially_open
11,0.1517,0.051,178,15,12,0,2,1,fully_open
9,0.1457,0.0477,199,15,14,0,3,1,fully_open
7,0.3548,0.058,124,25,19,0,2,1,partially_open
10,0.0858,0.0472,233,11,9,0,3,1,fully_open
12,0.1257,0.0925,191,12,12,0,2,1,partially_open
11,0.1759,0.0625,199,18,17,0,2,1,partially_open
16,0.1381,0.1021,181,14,11,0,2,1,partially_open
12,0.1712,0.0645,222,21,17,0.6667,3,1,fully_open
18,0.175,0.0948,240,23,19,0.6667,3,1,partially_open
8,0.0398,0.0347,201,4,4,0.6667,3,0,fully_open
11,0.0823,0.0601,231,11,8,0.3333,3,1,closed
8,0.1613,0.042,248,23,17,0.3333,3,1,fully_open
9,0.12,0.055,200,13,11,0,2,1,partially_open
17,0.1361,0.0955,191,14,12,0,2,1,partially_open
9,0.1667,0.0993,120,11,9,0,2,0,fully_open
13,0.108,0.0576,250,14,13,0,3,1,closed
17,0.0514,0.0463,428,12,10,0,3,1,fully_open
19,0.117,0.0747,282,18,15,0,3,1,partially_open
10,0.1489,0.0571,188,14,14,0.6667,2,1,fully_open
11,0.2688,0.0766,160,27,16,0.3333,2,1,closed
5,0.1658,0.0344,193,20,12,0.3333,2,1,fully_open
7,0.2321,0.0637,112,13,13,0.3333,2,1,closed
5,0.2358,0.058,123,15,14,0,2,1,partially_open
8,0.09,0.0444,211,10,9,0,2,1,fully_open
8,0.26,0.0691,150,21,18,0,2,1,fully_open
13,0.1121,0.0752,214,14,10,0,2,1,closed
12,0.0963,0.057,218,11,10,0,3,1,closed
7,0.1709,0.0781,117,10,10,0,2,1,partially_open
7,0.1475,0.0617,122,9,9,0,2,1,fully_open
14,0.0991,0.0651,222,13,9,0.6667,3,1,fully_open
8,0.1374,0.0479,182,13,12,0.6667,2,1,closed
10,0.3308,0.0736,130,23,20,0.3333,2,1,fully_open
9,0.2467,0.0496,150,20,17,0,2,1,partially_open
9,0.1437,0.0617,174,14,11,0,2,1,fully_open
14,0.0652,0.0511,276,11,7,0,3,1,fully_open
5,0.094,0.032,234,11,11,0,3,1,closed
10,0.1926,0.0828,135,15,11,0,2,1,closed
5,0.1231,0.0313,195,13,11,0.6667,2,1,partially_open
18,0.1326,0.1004,181,15,9,0.6667,2,1,partially_open
10,0.1024,0.0441,254,16,10,0.6667,3,1,partially_open
17,0.0661,0.0722,242,8,8,0.3333,3,0,fully_open
7,0.1882,0.0508,170,17,15,0.3333,2,1,fully_open
12,0.0974,0.0367,308,17,13,0.3333,3,1,fully_open
11,0.1271,0.0514,236,17,13,0.3333,3,1,partially_open
10,0.2857,0.0877,126,20,16,0.3333,2,1,closed
8,0.1064,0.0649,141,9,6,0,2,1,closed
5,0.0779,0.0259,231,10,8,0,3,0,partially_open
9,0.1711,0.0651,152,15,11,0,2,0,fully_open
9,0.0598,0.0483,251,9,6,0,3,1,partially_open
5,0.2021,0.0307,188,20,18,0,2,1,partially_open
9,0.3084,0.0858,107,17,16,0,2,1,partially_open
14,0.0925,0.0889,173,8,8,0,2,1,fully_open
10,0.1812,0.0958,138,13,12,0.3333,2,0,partially_open
15,0.2229,0.0993,166,21,16,0.3333,2,1,fully_open
11,0.1859,0.0637,199,21,16,0,2,1,fully_open
13,0.2761,0.1022,134,21,16,0,2,1,closed
10,0.1225,0.0592,204,14,11,0,2,1,closed
8,0.25,0.1218,84,12,9,0,2,1,partially_open
14,0.0714,0.0893,196,7,7,0.3333,2,1,fully_open
7,0.13,0.0427,200,14,12,0.3333,2,0,partially_open
13,0.1486,0.0506,249,23,14,0.3333,3,1,fully_open
10,0.1389,0.0715,180,13,12,0,2,1,partially_open
15,0.1693,0.0838,189,19,13,0,2,0,partially_open
9,0.177,0.0482,209,21,16,0,2,1,fully_open
13,0.1385,0.0898,195,15,12,0,2,1,closed
14,0.175,0.0928,200,20,15,0,2,1,partially_open
8,0.1403,0.0489,221,19,12,0,3,1,partially_open
7,0.1212,0.0349,198,14,10,0,2,0,partially_open
13,3.6667,1.2289,12,25,19,0,1,1,closed
11,0.0909,0.0763,176,8,8,0.6667,2,0,closed
8,0.125,0.0292,224,16,12,0.3333,3,1,fully_open
8,0.3367,0.0856,98,18,15,0,2,1,fully_open
16,0.1255,0.0783,239,15,15,0,3,1,fully_open
6,0.245,0.0471,151,21,16,0,2,1,partially_open
7,0.1831,0.0617,142,15,11,0,2,1,fully_open
10,0.2105,0.0977,114,14,10,0,2,1,partially_open
13,0.1791,0.1064,134,13,11,0,2,1,closed
8,0.0866,0.049,231,11,9,0,3,1,closed
6,0.1137,0.0292,255,18,11,0,3,0,partially_open
16,0.0361,0.0588,332,6,6,0.6667,3,1,fully_open
15,0.0732,0.0592,246,13,5,0.3333,3,0,partially_open
9,0.127,0.0537,189,12,12,0.3333,3,0,fully_open
12,0.0575,0.0312,365,11,10,0.3333,3,1,closed
14,0.1195,0.0706,226,15,12,0.3333,3,1,closed
14,0.0426,0.0826,188,4,4,0,2,0,fully_open
12,0.2733,0.0731,150,24,17,0,2,1,closed
15,0.1436,0.1019,181,14,12,0,2,1,partially_open
13,0.1746,0.1171,126,13,9,0,2,1,fully_open
16,0.1596,0.0793,188,16,14,0,2,1,partially_open
9,0.123,0.0765,122,9,6,0.3333,2,1,partially_open
13,0.2211,0.0732,199,25,19,0.3333,2,1,partially_open
15,0.0782,0.0495,358,16,12,0.3333,3,1,partially_open
13,0.2094,0.0805,191,23,17,0,2,1,closed
9,0.0628,0.0589,191,6,6,0,2,1,partially_open
7,0.0303,0.0433,198,3,3,0,2,1,fully_open
12,0.1914,0.0564,209,23,17,0,3,1,fully_open
8,0.427,0.0862,89,22,16,0.6667,2,1,partially_open
18,0.1022,0.0593,313,18,14,0.3333,3,1,fully_open
10,0.1184,0.0754,152,9,9,0,2,1,partially_open
12,0.3565,0.1268,115,24,17,0,2,1,closed
12,0.2171,0.091,129,17,11,0.3333,2,1,fully_open
16,0.1128,0.0728,257,18,11,0.3333,3,1,fully_open
15,0.0509,0.038,334,9,8,0.3333,3,1,closed
13,0.1608,0.0726,199,17,15,0,2,1,partially_open
12,0.3191,0.1244,94,15,15,0,2,1,fully_open
9,0.1165,0.048,249,16,13,0,3,1,partially_open
15,0.0862,0.0753,232,10,10,0,3,1,fully_open
12,0.2185,0.0774,151,18,15,0,2,0,fully_open
16,0.0808,0.0554,297,13,11,0,3,1,partially_open
17,0.0773,0.06,362,14,14,0,3,1,fully_open
12,0.1323,0.0608,189,15,10,0.6667,2,0,partially_open
16,0.22,0.1165,150,20,13,0.3333,2,0,closed
4,0.2815,0.0262,135,20,18,0.3333,2,0,partially_open
7,0.169,0.0373,213,19,17,0.3333,3,1,partially_open
16,0.0875,0.0485,377,20,13,0,3,1,fully_open
5,0.2661,0.0366,124,17,16,0,2,1,fully_open
14,0.1156,0.0624,225,14,12,0,3,1,closed
18,0.0984,0.0564,315,19,12,0,3,1,fully_open
12,0.1883,0.0919,154,16,13,0,2,0,partially_open
13,0.094,0.0728,234,12,10,0.6667,3,1,fully_open
4,0.1279,0.0172,258,19,14,0.3333,3,1,closed
9,0.0938,0.0464,224,11,10,0.3333,3,1,closed
8,0.2524,0.0438,206,30,22,0.3333,2,1,partially_open
7,0.1516,0.0393,244,20,17,0.3333,3,0,closed
8,0.2184,0.0491,174,22,16,0,2,1,partially_open
12,0.287,0.1184,108,17,14,0,2,1,partially_open
13,0.096,0.0736,198,11,8,0,2,1,closed
5,0.1446,0.0365,166,13,11,0,2,1,partially_open
18,0.2027,0.1289,148,16,14,0,2,0,partially_open
9,0.1609,0.0627,174,15,13,0,2,1,partially_open
11,0.0798,0.0556,213,9,8,0,2,1,fully_open
9,0.0975,0.0381,236,13,10,0,3,1,fully_open
8,0.1349,0.0606,126,9,8,0.6667,2,0,closed
11,0.2797,0.0879,118,19,14,0.3333,2,0,closed
14,0.1111,0.0994,162,9,9,0.3333,2,1,fully_open
22,0.2074,0.106,217,27,18,0,2,1,fully_open
11,0.1649,0.0551,194,17,15,0,2,1,closed
11,0.115,0.0433,287,18,15,0,3,1,fully_open
13,0.1287,0.091,202,15,11,0,2,1,fully_open
6,0.0836,0.0216,299,16,9,0,3,0,closed
11,0.1296,0.0509,216,17,11,0.6667,3,1,partially_open
5,0.3265,0.1371,49,9,7,0.6667,1,1,closed
15,0.1301,0.1203,123,8,8,0.6667,2,1,fully_open
9,0.2667,0.0606,135,21,15,0.6667,2,1,fully_open
10,0.1179,0.0427,229,15,12,0.3333,3,1,fully_open
12,0.2105,0.0849,152,16,16,0.3333,2,1,partially_open
7,0.2363,0.0478,182,25,18,0,2,1,partially_open
9,0.1484,0.0775,155,13,10,0,2,1,fully_open
9,0.1417,0.0942,127,10,8,0,2,1,fully_open
9,0.1461,0.0547,178,14,12,0,2,1,fully_open
11,0.2959,0.1345,98,15,14,0,2,0,fully_open
15,0.0672,0.0318,387,14,12,0,3,1,fully_open
10,0.121,0.0402,248,17,13,0,3,0,closed
13,0.1324,0.0752,204,14,13,0,2,1,fully_open
14,0.0648,0.05,324,11,10,1,3,1,partially_open
12,0.1395,0.0732,172,12,12,0.6667,2,1,fully_open
14,0.039,0.0484,333,7,6,0.6667,3,1,partially_open
6,0.1806,0.0425,155,16,12,0.3333,2,0,closed
12,0.1529,0.0791,170,14,12,0.3333,2,1,fully_open
9,0.1165,0.1003,103,6,6,0.3333,2,1,closed
16,0.3176,0.1211,170,34,20,0.3333,2,1,partially_open
11,0.2483,0.073,145,20,16,0.3333,2,0,partially_open
5,0.3173,0.0573,104,19,14,0.3333,2,1,closed
11,0.2566,0.1163,113,16,13,0.3333,2,1,fully_open
11,0.0845,0.0431,296,14,11,0.3333,3,0,partially_open
14,0.1149,0.056,296,22,12,0.3333,3,0,closed
16,0.0676,0.0437,340,13,10,0.3333,3,0,fully_open
27,0.1357,0.1351,258,20,15,0,3,1,fully_open
9,0.132,0.0404,303,22,18,0,3,0,fully_open
8,0.1652,0.0373,224,22,15,0,3,0,fully_open
9,0.1256,0.0513,207,14,12,0.6667,3,1,fully_open
8,0.1026,0.0517,156,9,7,0.6667,2,0,fully_open
12,0.2262,0.0589,221,28,22,0.3333,3,1,fully_open
9,0.15,0.0527,180,14,13,0.3333,2,1,partially_open
14,0.1823,0.0971,203,19,18,0.3333,3,1,fully_open
9,0.1739,0.08,138,14,10,0.3333,2,1,closed
18,0.1638,0.101,177,17,12,0,2,1,fully_open
17,0.1838,0.1042,185,25,9,0,2,1,closed
10,0.0654,0.0464,306,11,9,0,3,1,closed
8,0.1069,0.072,131,8,6,0,2,1,closed
8,0.0732,0.0532,164,6,6,0.6667,2,0,closed
26,0.0596,0.0691,319,11,8,0.6667,3,1,fully_open
11,0.0488,0.0721,164,4,4,0.6667,2,1,fully_open
8,0.3226,0.0716,124,23,17,0.3333,2,1,partially_open
13,0.2763,0.0707,152,22,20,0.3333,2,1,closed
7,0.0645,0.0531,155,5,5,0.3333,2,1,fully_open
12,0.1372,0.0536,226,16,15,0.3333,3,1,fully_open
13,0.0738,0.055,420,16,15,0,3,1,fully_open
11,0.128,0.0458,250,18,14,0,3,0,fully_open
6,0.1281,0.0375,203,14,12,0.6667,2,1,partially_open
15,0.1176,0.0875,187,12,10,0.6667,2,1,fully_open
9,0.3538,0.084,130,25,21,0.6667,2,1,closed
14,0.0766,0.0666,209,8,8,0.6667,3,0,fully_open
17,0.0938,0.058,288,15,12,0.3333,3,1,fully_open
13,0.1916,0.0705,167,17,15,0.3333,2,1,fully_open
15,0.1216,0.0605,255,16,15,0,3,1,partially_open
8,0.2571,0.0901,105,14,13,0.6667,2,1,partially_open
11,0.105,0.0792,181,10,9,0.6667,2,1,fully_open
6,0.2,0.066,100,11,9,0.3333,2,1,partially_open
13,0.2129,0.0831,155,17,16,0.3333,2,1,fully_open
10,0.1512,0.0482,205,17,14,0.3333,2,1,fully_open
11,0.0659,0.036,349,12,11,0.3333,3,1,partially_open
8,0.1486,0.037,222,19,14,0,3,1,fully_open
15,0.1129,0.0596,248,16,12,0,3,0,closed
15,0.1585,0.0884,164,14,12,0,2,1,partially_open
5,0.1519,0.0481,158,13,11,0,2,1,partially_open
14,0.1262,0.0682,214,16,11,0,2,1,fully_open
8,0.041,0.0395,195,4,4,0.6667,3,0,partially_open
6,0.1014,0.0346,217,14,8,0,3,1,partially_open
9,0.1342,0.0733,149,13,7,0,2,1,fully_open
15,0.1157,0.0742,216,13,12,0,2,1,fully_open
12,0.1779,0.0659,208,21,16,0,2,1,fully_open
16,0.152,0.0972,204,17,14,0,3,1,partially_open
12,0.1445,0.0863,173,13,12,0,2,1,closed
8,0.2169,0.0519,189,23,18,0,2,0,partially_open
9,0.125,0.0512,200,14,11,0,2,1,closed
14,0.1553,0.1132,161,13,12,0.6667,2,1,fully_open
8,0.1117,0.0366,179,11,9,0.3333,2,1,partially_open
12,0.0857,0.0537,245,11,10,0.3333,3,0,closed
8,0.2011,0.0472,174,21,14,0.3333,2,0,partially_open
12,0.0438,0.0335,388,10,7,0.3333,3,1,partially_open
12,0.148,0.0756,196,16,13,0,2,1,fully_open
8,0.2991,0.0733,117,19,16,0,2,1,fully_open
12,0.0769,0.053,260,11,9,0,3,1,fully_open
12,0.1392,0.0563,237,19,14,0,3,0,closed
6,0.1346,0.0494,156,11,10,0,2,0,closed
13,0.0435,0.0703,230,5,5,0.6667,2,1,fully_open
15,0.1357,0.0796,199,15,12,0.6667,2,1,partially_open
10,0.1264,0.0495,174,12,10,0.3333,2,1,closed
12,0.157,0.0667,172,15,12,0.3333,2,1,fully_open
12,0.1714,0.1012,140,13,11,0.3333,2,1,fully_open
7,0.0738,0.0289,271,11,9,0.3333,3,1,fully_open
15,0.0619,0.0575,307,10,9,0.3333,3,1,partially_open
17,0.2549,0.1776,102,13,13,0.3333,2,1,partially_open
11,0.2558,0.0719,129,17,16,0,2,1,fully_open
6,0.0567,0.0313,194,6,5,0,2,1,partially_open
7,0.1976,0.0277,248,26,23,0,3,1,fully_open
9,0.1667,0.0629,186,17,14,0,2,1,fully_open
11,2.4545,1.0808,11,14,13,0,1,1,closed
7,0.2377,0.083,122,15,14,0,2,1,closed
16,0.1449,0.0735,214,17,14,0,3,1,fully_open
12,0.0868,0.0422,288,13,12,0,3,1,partially_open
10,0.1111,0.0439,234,15,11,0.6667,3,1,fully_open
8,0.1927,0.0402,218,23,19,0.3333,3,0,fully_open
12,0.2211,0.0754,199,25,19,0.3333,2,1,partially_open
16,0.2421,0.1806,95,12,11,0.3333,2,1,fully_open
3,0.0024,0.003,1659,2,2,0.3333,3,1,partially_open
4,0.0536,0.0141,317,9,8,0.3333,3,0,closed
13,0.1213,0.0706,239,16,13,0.3333,3,1,closed
10,0.0945,0.0359,254,13,11,0,3,0,fully_open
11,0.1348,0.0768,178,13,11,0,2,1,partially_open
12,0.185,0.0707,173,17,15,0,2,1,partially_open
16,0.21,0.0722,200,25,17,0,2,1,partially_open
17,0.1364,0.0816,198,16,11,0,2,1,fully_open
17,0.5161,0.5042,31,9,7,0.6667,1,0,closed
9,0.1314,0.0573,175,13,10,0.3333,2,1,partially_open
8,0.223,0.0494,148,18,15,0.3333,2,1,fully_open
14,0.1302,0.0725,169,11,11,0.3333,2,1,closed
6,0.151,0.0322,192,16,13,0,2,0,closed
11,0.2624,0.0795,141,22,15,0,2,1,closed
11,0.1351,0.0596,222,16,14,0,3,0,closed
6,0.1329,0.0424,173,14,9,0,2,1,partially_open
12,0.1608,0.064,199,17,15,0,2,1,fully_open
10,0.3553,0.1188,76,14,13,0,1,0,closed
14,0.7111,0.3939,45,18,14,0,1,0,partially_open
10,0.076,0.0563,171,8,5,1,2,0,closed
5,0.175,0.0314,240,24,18,1,3,1,partially_open
12,0.0942,0.0778,191,9,9,0.6667,2,1,fully_open
13,0.0382,0.059,262,5,5,0.3333,3,1,partially_open
8,0.2591,0.0465,193,30,20,0.3333,2,1,closed
11,0.038,0.0656,158,3,3,0.3333,2,0,closed
9,0.1818,0.0691,154,16,12,0,2,1,fully_open
16,0.0628,0.0306,653,24,17,0,3,1,closed
5,0.132,0.0348,197,16,10,0,2,1,partially_open
5,0.0576,0.0339,191,6,5,0,2,0,closed
9,0.1579,0.0519,190,17,13,0,2,1,partially_open
7,0.1329,0.0456,173,12,11,0,2,0,fully_open
7,0.2,0.0514,170,18,16,0,2,1,closed
15,0.1948,0.1146,154,19,11,0.3333,2,1,closed
14,0.0509,0.0349,373,12,7,0.3333,3,1,partially_open
11,0.0964,0.0522,197,10,9,0.3333,3,1,fully_open
11,0.1307,0.0548,153,11,9,0.3333,2,0,partially_open
6,0.1818,0.0513,143,14,12,0.3333,2,1,fully_open
10,0.1557,0.0512,244,23,15,0,3,0,partially_open
23,0.3221,0.1652,149,26,22,0,2,1,closed
14,0.1222,0.0661,221,14,13,0,3,1,closed
12,0.7083,0.5872,24,10,7,0,1,0,partially_open
9,0.1067,0.0561,150,8,8,0,2,1,partially_open
7,0.0833,0.0355,216,9,9,0.6667,3,0,fully_open
13,0.0537,0.0798,205,6,5,0.6667,3,1,fully_open
3,0.15310000000000001,0.0389,98,8,7,0.3333,2,0,closed
13,0.1304,0.0728,161,13,8,0.3333,2,1,fully_open
7,0.1417,0.0389,254,27,9,0,3,1,closed
10,0.1693,0.0619,189,20,12,0,2,1,partially_open
10,0.1781,0.0686,219,23,16,0,3,1,partially_open
9,0.0993,0.0293,302,18,12,0,3,1,partially_open
9,0.0597,0.0419,268,8,8,0,3,1,closed
14,0.264,0.0969,125,18,15,0,2,1,closed
6,0.108,0.0365,213,12,11,0,3,1,fully_open
11,0.7879,0.3705,33,14,12,0,1,1,closed
9,0.123,0.0423,244,16,14,0,3,1,fully_open
9,0.1042,0.0354,288,18,12,0,3,1,fully_open
12,0.1553,0.0575,219,19,15,0,3,1,fully_open
12,0.0884,0.0429,294,15,11,0,3,1,closed
10,0.1852,0.07,162,16,14,0.3333,2,1,partially_open
12,0.1167,0.0806,180,11,10,0.3333,2,1,fully_open
9,0.1145,0.0437,262,16,14,0.3333,3,1,partially_open
6,0.2079,0.0397,178,23,14,0,2,1,partially_open
14,0.0557,0.0293,485,14,13,0,3,1,closed
11,0.1768,0.0605,181,20,12,0,2,1,fully_open
10,0.1371,0.0411,248,20,14,0.6667,3,0,fully_open
11,0.12,0.0607,200,14,10,0.6667,3,1,fully_open
13,0.1068,0.0767,206,12,10,0.3333,2,1,fully_open
11,0.1517,0.0537,211,18,14,0.3333,2,1,fully_open
11,0.1788,0.069,179,19,13,0.3333,2,1,fully_open
18,1.4444,1.0789,18,14,12,0.3333,1,1,closed
9,0.1802,0.0421,172,18,13,0,2,1,partially_open
16,0.059,0.0327,542,17,15,0,3,1,fully_open
13,0.1917,0.0941,120,12,11,0,2,0,fully_open
12,0.1388,0.0397,281,23,16,0,3,0,closed
14,0.1237,0.0717,186,12,11,0,2,1,closed
7,0.1374,0.038,211,17,12,0,3,1,partially_open
5,0.0812,0.0341,197,8,8,0,3,0,closed
12,0.1018,0.0447,275,15,13,0,3,1,fully_open
4,0.2143,0.0487,126,14,13,0,2,1,partially_open
14,0.1063,0.0488,301,16,16,0,3,1,fully_open
10,0.1573,0.0635,178,15,13,0.3333,2,1,closed
11,0.4,0.1164,105,23,19,0.3333,2,1,fully_open
17,0.1826,0.0716,241,25,19,0.3333,3,1,fully_open
11,0.1824,0.0771,148,14,13,0.3333,2,0,closed
12,0.2459,0.1105,122,17,13,0,2,0,partially_open
7,0.2153,0.0637,144,18,13,0,2,1,closed
8,0.3358,0.0739,134,25,20,0,2,1,closed
12,0.2,0.0805,195,21,18,0,2,1,partially_open
12,0.1304,0.0504,230,17,13,0,3,1,fully_open
11,0.0741,0.0632,189,7,7,0,2,1,fully_open
9,0.2477,0.0759,109,15,12,0,2,0,fully_open
11,0.1388,0.068,209,16,13,0.6667,2,1,fully_open
22,0.1559,0.103,186,16,13,0.6667,2,1,fully_open
13,0.0648,0.0418,386,13,12,0.6667,3,1,fully_open
17,0.1327,0.0728,226,18,12,0.6667,3,1,partially_open
10,0.0978,0.0486,225,12,10,0.3333,3,1,closed
11,0.1053,0.0644,171,10,8,0.3333,2,1,fully_open
15,0.1359,0.0765,184,14,11,0.3333,2,1,fully_open
17,0.1561,0.0746,237,20,17,0,3,1,closed
15,0.1753,0.0849,194,17,17,0,2,1,fully_open
9,0.1074,0.0351,242,14,12,0,3,1,closed
10,0.1421,0.0602,197,16,12,0,2,1,closed
8,0.0881,0.0496,227,11,9,0,2,0,partially_open
13,0.1209,0.0785,182,13,9,0.6667,2,1,fully_open
7,0.075,0.041,200,9,6,0.6667,2,1,partially_open
7,0.1105,0.0382,181,11,9,0.6667,2,1,closed
8,0.1472,0.0381,197,18,11,0.3333,2,0,partially_open
5,0.0873,0.0298,229,10,10,0.3333,3,1,fully_open
8,0.1897,0.0428,195,22,15,0.3333,2,1,closed
9,0.2031,0.0881,128,14,12,0.3333,2,1,fully_open
11,0.2199,0.0963,141,18,13,0.3333,2,1,partially_open
18,0.1591,0.1137,176,18,10,0.3333,2,0,fully_open
5,0.0623,0.0236,289,10,8,0,3,1,partially_open
10,0.0936,0.0503,235,13,9,0,3,1,partially_open
14,0.0702,0.0687,228,8,8,0,3,1,partially_open
6,0.1179,0.0367,212,14,11,0,2,1,closed
9,0.0814,0.0491,221,9,9,0,2,1,closed
3,0.0882,0.0095,340,17,13,1,3,0,closed
16,0.0697,0.0662,244,10,7,0.3333,3,1,fully_open
9,0.1198,0.0564,217,16,10,0.3333,2,1,fully_open
10,0.19,0.0601,200,23,15,0,2,1,closed
13,0.2126,0.0774,174,21,16,0,2,1,fully_open
12,0.195,0.0598,200,23,16,0,3,1,partially_open
6,0.1728,0.0436,191,20,13,0,2,1,fully_open
11,0.0922,0.046,217,10,10,0,3,1,fully_open
5,0.1146,0.0419,192,13,9,0,2,0,partially_open
18,0.1545,0.0905,220,19,15,0.6667,3,1,fully_open
7,0.194,0.0717,134,13,13,0.6667,2,1,fully_open
18,0.4,0.2756,60,13,11,0.3333,1,0,fully_open
11,0.1818,0.0656,198,18,18,0.3333,2,1,fully_open
11,0.1622,0.1034,111,9,9,0.3333,2,1,closed
9,0.3524,0.0868,105,22,15,0.3333,2,1,fully_open
13,0.1327,0.0855,196,15,11,0.3333,2,0,closed
6,0.25,0.0579,80,11,9,0,2,0,closed
11,0.1289,0.0519,256,19,14,0,3,1,fully_open
7,0.1321,0.0387,212,17,11,0,3,0,closed
9,0.1503,0.052,173,15,11,0,2,1,partially_open
10,0.1297,0.0407,239,17,14,0.6667,3,1,fully_open
6,0.1856,0.0367,167,19,12,0.6667,2,0,partially_open
19,0.1929,0.0806,197,19,19,0.6667,3,1,partially_open
15,0.1165,0.0701,206,12,12,0.6667,3,1,fully_open
11,0.1591,0.0492,220,19,16,0.6667,3,1,closed
14,0.0903,0.048,299,16,11,0.3333,3,0,partially_open
15,0.0325,0.057,277,5,4,0.3333,3,1,partially_open
5,0.0909,0.0149,231,13,8,0.3333,3,0,fully_open
15,0.1217,0.0932,230,16,12,0.3333,3,0,closed
14,0.1315,0.0632,213,17,11,0.3333,3,1,closed
8,0.1266,0.0504,158,11,9,0,2,0,fully_open
18,0.0404,0.0441,446,9,9,0,3,1,fully_open
13,0.2453,0.1218,159,23,16,0,2,0,closed
9,0.127,0.0569,189,13,11,0,2,1,closed
8,0.0995,0.059,221,11,11,0,3,1,partially_open
8,0.1307,0.0491,199,14,12,0.6667,2,1,partially_open
10,0.0658,0.0411,243,9,7,0.6667,3,0,partially_open
10,0.1106,0.0563,199,11,11,0.6667,2,0,fully_open
10,0.0928,0.0566,194,10,8,0.3333,3,1,partially_open
18,0.1635,0.0826,208,18,16,0.3333,3,0,fully_open
15,0.0626,0.036,431,14,13,0.3333,3,1,fully_open
11,0.1786,0.0751,168,17,13,0,2,1,fully_open
10,0.209,0.0685,177,25,12,0,2,1,partially_open
10,0.1868,0.0578,182,20,14,0,2,1,fully_open
7,0.4909,0.1643,55,14,13,0,1,1,partially_open
11,0.1091,0.067,165,10,8,0,2,1,closed
10,0.0917,0.045,229,12,9,0,3,1,partially_open
6,0.1885,0.0619,122,13,10,0,2,1,partially_open
9,0.5,0.1293,58,15,14,0.6667,1,1,partially_open
8,0.0654,0.0365,214,7,7,0.3333,2,0,fully_open
9,0.163,0.0692,135,13,9,0.3333,2,1,fully_open
12,0.2617,0.0929,149,22,17,0.3333,2,1,fully_open
13,0.2627,0.0899,118,18,13,0.3333,2,0,closed
17,0.1176,0.0547,340,21,19,0.3333,3,1,fully_open
9,0.1071,0.0547,196,12,9,0,2,1,fully_open
9,0.2698,0.067,126,19,15,0,2,1,fully_open
17,0.1955,0.0917,179,20,15,0,2,1,fully_open
9,0.2045,0.0649,132,15,12,0,2,1,partially_open
13,0.1887,0.0673,212,22,18,0,2,1,fully_open
7,0.1658,0.0382,199,17,16,0,2,1,partially_open
7,0.1307,0.0352,199,15,11,0,2,0,fully_open
5,0.1788,0.0223,179,19,13,0,2,1,partially_open
8,1.0909,0.2701,22,13,11,0.6667,1,0,partially_open
14,0.2261,0.0668,199,26,19,0.6667,2,0,fully_open
13,0.2067,0.0802,179,20,17,0.3333,2,1,fully_open
6,0.176,0.0461,125,11,11,0.3333,2,1,closed
20,0.1579,0.097,190,16,14,0.3333,2,1,fully_open
12,0.1667,0.0679,168,15,13,0.3333,2,1,partially_open
17,0.1354,0.0738,229,16,15,0.3333,3,1,fully_open
8,0.11,0.0463,200,13,9,0.3333,2,1,closed
16,0.1073,0.0582,261,14,14,0.3333,3,1,partially_open
15,0.125,0.0886,208,14,12,0,2,1,closed
9,0.0667,0.0426,240,10,6,0,3,1,closed
10,0.1336,0.0387,232,18,13,0,3,0,partially_open
14,0.1062,0.0507,273,16,13,0,3,1,partially_open
9,0.1382,0.0672,152,12,9,0,2,1,fully_open
8,0.2296,0.0727,135,17,14,0,2,1,partially_open
9,0.155,0.0575,200,16,15,0,3,1,fully_open
8,0.1345,0.035,238,17,15,0.6667,3,1,partially_open
13,0.119,0.0886,168,11,9,0.3333,2,1,fully_open
11,0.2727,0.0827,132,20,16,0.3333,2,1,partially_open
9,0.2072,0.0847,111,13,10,0,2,1,closed
10,0.0503,0.0573,199,5,5,0,2,0,partially_open
13,0.1102,0.0529,236,13,13,0,3,1,fully_open
12,0.1041,0.0492,269,16,12,0,3,0,fully_open
16,0.1857,0.1365,140,15,11,0,2,0,closed
9,0.1859,0.0479,156,16,13,0,2,1,fully_open
14,0.1755,0.082,188,18,15,0,2,1,fully_open
8,0.2613,0.0748,111,16,13,0,2,0,fully_open
8,0.0798,0.0449,213,9,8,0,3,0,closed
12,0.1791,0.0756,201,20,16,0,2,1,fully_open
7,0.2177,0.0734,124,14,13,0,2,1,closed
11,0.1611,0.0683,180,16,13,1,2,1,fully_open
10,0.0909,0.0445,220,10,10,0.6667,2,1,fully_open
9,0.1186,0.0554,194,12,11,0.3333,2,1,fully_open
9,0.0569,0.0509,211,6,6,0.3333,2,1,partially_open
11,0.1262,0.0669,214,16,11,0.3333,3,1,fully_open
19,0.1818,0.1093,198,19,17,0.3333,2,1,fully_open
11,0.1086,0.0415,267,15,14,0,3,1,partially_open
9,0.0759,0.0275,303,12,11,0,3,1,fully_open
9,0.0966,0.0362,321,18,13,0,3,1,partially_open
12,0.0842,0.0345,404,20,14,0,3,1,partially_open
8,0.0429,0.0372,280,6,6,0,3,1,fully_open
9,0.2288,0.0793,118,14,13,0,2,1,fully_open
13,0.1714,0.111,140,13,11,0.6667,2,1,fully_open
10,0.1736,0.0687,144,14,11,0.6667,2,1,closed
6,0.1145,0.0272,262,16,14,0.6667,3,1,closed
8,0.1913,0.0558,183,18,17,0.3333,2,1,fully_open
11,0.2022,0.0728,178,21,15,0.3333,2,1,partially_open
9,0.0625,0.07,160,5,5,0.3333,2,1,fully_open
8,0.2186,0.0388,183,20,20,0.3333,2,0,fully_open
10,0.2,0.0633,160,17,15,0,2,0,fully_open
8,0.1133,0.0599,150,9,8,0,2,0,closed
11,0.155,0.0611,200,17,14,0,2,1,partially_open
9,0.4658,0.1079,73,21,13,0,2,1,closed
8,0.2,0.0809,120,14,10,0,2,1,fully_open
12,0.0866,0.0515,231,10,10,0,3,1,partially_open
6,0.1638,0.0341,177,15,14,0,2,1,closed
8,0.1964,0.0498,168,18,15,0,2,1,fully_open
16,0.1317,0.0742,243,18,14,0.6667,3,1,fully_open
14,0.1634,0.0882,153,14,11,0.6667,2,1,partially_open
10,0.1497,0.0655,147,13,9,0.3333,2,1,partially_open
9,0.2184,0.0603,206,26,19,0.3333,3,1,closed
10,0.007,0.0117,999,4,3,0.3333,3,1,partially_open
11,0.1204,0.0738,191,13,10,0.3333,2,0,fully_open
6,0.1615,0.0359,192,16,15,0,2,1,partially_open
11,0.2138,0.0792,159,19,15,0,2,1,fully_open
9,0.1015,0.033,325,21,12,0,3,0,partially_open
8,0.1484,0.0399,256,19,19,0,3,1,fully_open
20,0.1956,0.099,225,24,20,0,3,1,closed
10,0.1538,0.0778,130,11,9,1,2,1,closed
4,0.0791,0.0182,253,11,9,0.3333,3,1,closed
11,0.0966,0.0394,321,18,13,0.3333,3,1,fully_open
16,0.2,0.1394,150,16,14,0.3333,2,0,partially_open
13,0.1559,0.0682,186,17,12,0.3333,2,0,fully_open
17,1.0811,0.507,37,22,18,0.3333,1,1,closed
10,0.09,0.0525,200,10,8,0.3333,2,1,closed
9,0.0795,0.032,239,11,8,0,3,1,partially_open
9,0.1439,0.0837,132,11,8,0,2,0,closed
9,0.1196,0.049,184,12,10,0,2,1,fully_open
14,0.1284,0.0977,148,11,8,0,2,0,partially_open
12,0.1183,0.0806,186,11,11,0,2,1,fully_open
11,0.1916,0.0786,167,16,16,0,2,1,fully_open
8,0.2357,0.0486,157,21,16,0.3333,2,1,partially_open
9,0.2286,0.0686,175,23,17,0.3333,2,1,closed
11,0.1871,0.0795,171,18,14,0.3333,2,1,closed
11,0.0955,0.0566,220,12,9,0.3333,3,0,closed
10,0.1746,0.059,189,19,14,0,2,1,partially_open
15,0.0474,0.0633,253,6,6,0,3,1,fully_open
19,0.0949,0.0654,316,18,12,0,3,1,fully_open
8,0.2229,0.0571,175,22,17,0,2,1,fully_open
9,0.0773,0.0551,181,8,6,0,2,0,fully_open
15,0.1005,0.0788,199,10,10,0,2,1,partially_open
6,0.1429,0.0496,168,13,11,0,2,1,partially_open
9,0.2067,0.0714,150,17,14,0,2,1,fully_open
5,0.1771,0.0383,175,17,14,0,2,0,fully_open
24,1.4286,0.9378,28,22,18,0.6667,1,1,closed
6,0.2188,0.0432,160,22,13,0.3333,2,0,partially_open
9,0.2645,0.1109,121,18,14,0.3333,2,1,fully_open
13,0.1074,0.0533,270,16,13,0.3333,3,1,fully_open
12,0.2065,0.0761,155,17,15,0.3333,2,1,partially_open
14,0.1018,0.0554,226,13,10,0,3,1,fully_open
12,0.1408,0.0473,206,16,13,0,2,0,fully_open
13,0.0774,0.0415,349,14,13,0,3,1,partially_open
11,0.2055,0.0918,146,15,15,0,2,1,fully_open
9,0.0633,0.0212,332,11,10,0,3,1,partially_open
13,0.1907,0.074,194,19,18,0,2,1,partially_open
12,0.1208,0.0709,207,14,11,0,2,1,fully_open
13,0.0909,0.0762,198,10,8,0,2,1,fully_open
5,0.1173,0.038,196,13,10,0,3,1,closed
19,0.0791,0.0814,253,11,9,0.6667,3,1,partially_open
7,0.2482,0.0824,137,20,14,0,2,0,closed
6,0.2222,0.0352,144,18,14,0,2,1,fully_open
12,0.22,0.0788,150,19,14,0,2,1,closed
16,0.1927,0.0811,218,24,18,0,3,1,fully_open
14,0.127,0.0623,244,17,14,0,3,1,partially_open
11,0.1538,0.0675,195,18,12,0,2,1,fully_open
7,0.1752,0.0561,137,12,12,0,2,1,fully_open
16,0.1676,0.1079,179,19,11,0,2,1,fully_open
12,1.9375,1.1429,16,18,13,0,1,1,closed
9,0.1572,0.0438,229,22,14,0.3333,3,1,partially_open
8,0.1157,0.0464,242,17,11,0.3333,3,1,closed
8,0.1592,0.0786,157,15,10,0.3333,2,0,closed
8,0.1477,0.0447,237,20,15,0.3333,3,0,partially_open
10,0.0697,0.0604,201,7,7,0.3333,2,0,fully_open
8,0.1694,0.0603,183,16,15,0,2,0,closed
8,0.1382,0.0377,217,16,14,0,2,1,fully_open
19,0.119,0.0924,210,14,11,0,2,1,partially_open
10,0.2199,0.053,191,22,20,0,2,1,fully_open
10,0.3467,0.0589,150,28,24,0,2,0,fully_open
10,0.0898,0.0399,323,15,14,0,3,1,partially_open
14,0.1673,0.0547,245,23,18,0,3,1,partially_open
8,0.2527,0.0527,186,26,21,0,2,1,partially_open
11,0.0764,0.0443,275,12,9,0,3,1,partially_open
6,0.296,0.0633,125,21,16,0.6667,2,0,closed
9,0.12,0.0679,150,10,8,0.6667,2,1,partially_open
10,0.1762,0.0448,210,20,17,0.3333,2,1,fully_open
12,0.142,0.0851,169,12,12,0.3333,2,0,closed
13,0.1806,0.0602,216,21,18,0.3333,3,1,fully_open
10,0.1811,0.0443,243,25,19,0.3333,3,1,closed
11,0.1088,0.0906,147,8,8,0.3333,2,1,partially_open
8,0.108,0.0443,213,13,10,0.3333,2,1,closed
12,0.2429,0.0938,140,19,15,0.3333,2,1,fully_open
9,0.3932,0.0898,117,25,21,0.3333,2,1,fully_open
13,0.0912,0.0402,373,17,17,0.3333,3,1,partially_open
14,0.1171,0.0592,222,14,12,0,3,1,closed
8,0.1071,0.0446,196,12,9,0,2,0,closed
10,0.1546,0.0575,194,17,13,0,2,1,fully_open
8,0.183,0.0588,153,14,14,0,2,1,fully_open
11,0.1847,0.0527,222,22,19,0,3,1,fully_open
12,0.1676,0.0599,185,17,14,0,2,1,fully_open
18,0.1194,0.0849,201,13,11,0.6667,2,0,fully_open
8,0.3203,0.0573,128,24,17,0.3333,2,1,fully_open
13,0.1818,0.0943,143,15,11,0.3333,2,1,closed
15,0.1494,0.0906,154,13,10,0.3333,2,0,partially_open
10,0.0765,0.0598,183,8,6,0.3333,2,0,closed
11,0.1879,0.0898,165,17,14,0.3333,2,0,partially_open
6,0.2061,0.054,165,20,14,0.3333,2,0,partially_open
10,0.1543,0.0679,175,15,12,0.3333,2,1,fully_open
17,0.1429,0.0984,161,12,11,0.3333,2,1,fully_open
11,0.1174,0.05,247,17,12,0.3333,3,0,closed
5,0.1813,0.0423,182,18,15,0,2,0,closed
13,0.2963,0.144,108,16,16,0,2,1,closed
13,0.1494,0.0922,154,12,11,0,2,1,partially_open
8,0.1538,0.0453,182,17,11,0,2,0,partially_open
14,0.0833,0.1092,156,7,6,0,2,1,partially_open
13,0.1465,0.0762,198,17,12,0,2,1,fully_open
7,0.0803,0.0333,249,12,8,0,3,1,fully_open
15,0.1377,0.062,247,19,15,0,3,1,fully_open
16,0.1899,0.1053,158,17,13,0,2,1,closed
15,0.2215,0.0923,158,21,14,0,2,1,partially_open
13,0.2255,0.0602,204,26,20,0,2,0,partially_open
7,0.218,0.0808,133,15,14,0,2,0,partially_open
9,0.1683,0.0444,202,19,15,0,2,1,fully_open
14,0.2449,0.1875,98,13,11,0.3333,2,1,fully_open
4,0.0794,0.0318,126,5,5,0.3333,2,1,fully_open
11,0.1869,0.0565,198,21,16,0.3333,3,1,closed
22,0.1571,0.0876,210,20,13,0.3333,3,1,fully_open
14,0.1386,0.0921,166,13,10,0.3333,2,1,fully_open
12,0.0808,0.0351,297,12,12,0,3,1,fully_open
13,0.1481,0.0756,189,17,11,0,2,0,partially_open
10,0.1561,0.045,237,21,16,0,3,1,fully_open
15,0.2216,0.0953,176,25,14,0,2,0,partially_open
10,0.0931,0.0501,204,10,9,0,2,0,fully_open
12,0.1244,0.0706,193,13,11,0,2,1,partially_open
11,0.1322,0.0428,242,18,14,0,3,1,partially_open
10,0.2013,0.0659,149,19,11,0,2,0,closed
10,0.3151,0.0929,146,26,20,0,2,0,closed
